481033215,361517
-1217087628,356042
1218085563,355155
-477985804,281463
1706486909,209477
-2034003747,183582
-2054609986,161278
-1634850559,158650
-519734466,157481
665570333,153835
-1753098207,124981
1166311955,119645
1966346047,118715
893235677,118254
-1924890661,107492
-1292529380,96685
-1206626271,85540
127284822,82752
1296914005,75227
614332221,72922
-1042424610,67289
-10444414,61261
1777137652,55139
-559682421,53313
-303464267,53194
635828260,51977
-854309237,50649
1368300688,49909
1677688198,48932
1486984823,48715
-1771735136,47725
1005905612,47362
-1149513930,45121
1002738381,43647
924440973,43272
-1128164961,42431
1697440409,42141
-500180030,41197
-2036221601,39310
-602351741,39172
-2051640792,37691
1261754360,37681
-154351735,36421
-1867148919,35063
2103182329,32376
-965553521,31272
-1334759969,30227
539153407,29641
-717703401,29560
768124293,28811
1128233480,26837
362416941,25641
-812692561,24430
-1352056454,23470
-1598057304,23419
897676499,23278
-498068430,23020
2078695428,22769
1888391533,22389
1314840692,22297
653815437,21725
1920913586,21620
1220854599,21275
-640404483,21220
-480615902,21051
-846500061,20527
403965871,20435
741656935,20364
263030124,20207
1412808771,20104
1749516213,19747
983839783,19478
-1061651893,19431
-426542655,18940
-750908681,18076
996984253,18045
1404668559,17732
-644515682,17161
87692402,17033
-1166845586,16640
-1466071332,16598
119479944,16509
-261179306,16428
433450104,16116
1688032835,16057
-170172140,15885
115176110,15331
-227373674,14849
-146219555,14677
782328239,14469
-728259083,14043
-1547637557,13406
888265762,13398
885419120,13308
-638415117,13265
406962392,13100
-1427502040,12751
-538357388,12660
-390694164,12446
1970251283,12379
-389818116,12297
-571613814,11934
794418589,11914
457623108,11908
1715648464,11906
757811255,11808
-2001727139,11764
-1556311200,11729
102437450,11693
471389380,11551
-1879765519,11278
829250198,11252
76013823,11196
1933860695,10963
408268262,10930
628581012,10901
-971714226,10710
-1322595831,10703
1065006070,10333
-882984745,10319
-1548279278,10138
82278776,10034
-80269590,9870
-1149569400,9834
346165978,9641
1429709961,9614
-830394663,9451
-1272564984,9271
1670902754,9265
1074614865,9229
647374730,9168
-1073759780,9167
-62848146,9104
2124622074,9013
1044087036,9008
1298258813,9004
1652581279,8890
-2129488933,8870
-859080047,8866
1296730512,8728
343601687,8689
-2064083918,8394
1546676220,8247
-355009035,8236
79194277,8175
-1177204372,8155
1605826605,8108
300366683,8063
-1950057337,8036
-1875289665,7846
-594658610,7767
1903351891,7761
-1729985357,7733
1569233443,7695
1930517911,7628
-626835434,7556
-1203473665,7532
-1710723565,7519
-1837482491,7517
-114685614,7510
1714620920,7427
-896058922,7392
-1411724545,7355
-24312391,7290
-410963779,7190
-492246503,7189
-503082692,7173
-1760085608,7078
243489100,7077
1534136285,7063
730007424,7027
-702494948,7024
-1098969862,6874
865481824,6710
-1669493154,6655
888512148,6615
633727991,6605
-457024442,6536
-1198741314,6497
-110715269,6416
-935036028,6411
1330142072,6403
-1336345468,6380
205049634,6362
2017351463,6340
-106757539,6208
767022169,6135
1788060851,6119
1059741052,6105
-1549693148,6095
-954098584,6087
36967976,6031
-965212568,5993
258422688,5990
1849357622,5962
-1041902188,5923
-1633488809,5893
1100771805,5881
1606002619,5869
1263249683,5854
1530185530,5826
111954691,5750
1388081937,5729
-1115351033,5636
362199100,5617
1745288059,5577
1687712354,5577
-7172666,5563
392704182,5530
1344972074,5529
-1464888646,5520
-1120878706,5458
1603793599,5418
1220603161,5413
745859350,5369
-321297827,5344
245571644,5334
1640182233,5321
-917423069,5305
10598624,5299
246074574,5287
1999274292,5282
-1671163015,5239
-300897087,5214
-804938944,5211
1494490930,5174
545297208,5112
18181164,4932
-1581349906,4904
350799583,4885
-1378473449,4825
-2139019486,4798
1294681814,4742
1791441358,4733
-956335747,4721
-1780207592,4695
158450828,4679
196577202,4612
-1497115661,4597
536100189,4578
132258958,4563
563196907,4544
1306179038,4501
1168939894,4499
-163784462,4487
-1433725945,4481
655670056,4402
-1516063049,4399
-1256397705,4399
-691084051,4394
-1392793175,4387
-1564722004,4352
-664522431,4331
-1554946752,4315
370641531,4301
1789422185,4285
463555933,4282
-1401947002,4271
-1257013608,4268
-1250911935,4089
-1118480195,4079
1652129610,4065
-1281724957,4043
342530606,4032
-21762648,3964
1010901208,3952
-1897553644,3949
-1021864732,3905
-443055867,3869
-1023233565,3854
-1727490311,3853
-94524707,3796
-2041911708,3758
1508360307,3747
-49195522,3741
231329402,3704
-1568699211,3678
914181176,3639
-1578027197,3636
644325126,3619
-1526571542,3565
-560782095,3462
-1188771593,3454
228132690,3450
-657758608,3441
-807125993,3430
1263377802,3408
1709173937,3380
1308575927,3373
-1744881484,3352
-52944962,3345
-463411620,3344
305348547,3343
300484534,3341
354277126,3315
-97564817,3297
-748324402,3274
1782981793,3270
940085662,3248
-1560656587,3239
-1256196072,3235
410024113,3195
-925837819,3180
264249506,3163
-1887172062,3133
-200749329,3089
1435753150,3055
1884992462,3045
789596317,3041
1356929695,3019
-1966770035,3017
-1577833983,3017
-356666295,3010
-1864661266,2960
1823077159,2921
1332503551,2911
-1312419081,2892
1892782227,2869
-155485315,2865
462611072,2863
659211625,2842
120619887,2817
-1388861031,2749
-660458788,2732
-1701240408,2730
767339317,2714
-245392830,2710
-244449820,2678
-811309730,2656
-1933771657,2621
691306272,2618
666003602,2605
-242331066,2601
-1343628426,2587
75063063,2581
-896090603,2578
-1567825342,2562
1317244094,2558
-320787863,2547
842276857,2528
-1731871699,2479
-2133323247,2479
-1275855132,2475
-235040561,2470
-1093271032,2466
1701649955,2462
409208098,2456
-1214217271,2450
-1821729713,2429
824000500,2417
-277556717,2408
983080438,2385
-787409586,2383
-1841116985,2378
111732803,2364
-653853854,2320
-1745383857,2303
446263596,2289
-29106753,2287
-541867142,2270
1326249812,2268
59345787,2262
1393077348,2256
-335589709,2255
1430097574,2238
1413055827,2232
1969782018,2226
-520532102,2223
981474793,2215
2070537028,2212
1513151684,2208
-262638776,2202
1632872543,2197
101513828,2192
-1722933906,2179
442925833,2172
-993097714,2171
-729413934,2168
1855903607,2148
-1503879252,2120
262548325,2101
-62795879,2097
-915105022,2092
-1084054473,2081
2088290951,2045
842219632,2042
-1647326983,2034
-1644309367,2034
1458185178,2026
-1062537229,2001
-547210426,1993
-864726352,1974
-1367146940,1968
578578902,1965
307168312,1961
-332790882,1958
559418786,1943
-736820189,1940
-1633799228,1936
1322215693,1929
-243014408,1923
-99935602,1902
1225276033,1899
-2147381055,1886
-1136295684,1879
-1239540083,1873
-876783879,1868
1947625674,1866
1348445245,1835
-342819114,1832
587118306,1823
319507982,1813
-507545699,1806
560569840,1806
-771225764,1803
-553121210,1801
-1170707695,1798
-882936786,1790
1691155501,1784
-1364509667,1779
-125331348,1776
158411438,1775
481292359,1771
-2005607899,1755
-1708214701,1723
-1366406416,1720
-441366869,1710
-1556672553,1708
-300649608,1697
793883667,1687
-213191717,1683
-1547543319,1680
43476549,1664
1657872157,1664
215613728,1660
-2084546827,1642
870681895,1638
962434379,1632
-708488370,1630
-949731803,1629
1712309810,1625
917449758,1622
-179885701,1615
-804764168,1611
-1590010626,1603
1217762273,1602
-1055823443,1602
609653813,1601
-225664822,1593
-363968613,1589
232112648,1588
1085399144,1576
504260534,1575
-2121309006,1573
-1892338325,1571
1363039913,1568
75452485,1567
-939907933,1565
-1040251594,1560
1945825913,1557
34257679,1556
1160852235,1554
-278279551,1552
1303750714,1550
-80599468,1543
1947615375,1538
-1574615424,1528
1283952096,1525
498623529,1519
-1132595120,1502
1333101606,1501
727425960,1495
-332104989,1491
-1303351478,1479
54382018,1462
1260147198,1459
1164615887,1456
495786173,1455
1963846685,1454
-966036480,1446
-1838622678,1442
-997741683,1440
314335508,1426
-304695270,1417
-748293227,1414
250728731,1410
1271742010,1409
-1744269530,1401
1425678883,1401
-740590166,1388
1238140398,1373
-1230067319,1368
1187890260,1366
-672162705,1365
1535223232,1364
-496785728,1364
-1294853261,1364
1689846753,1357
1832762783,1349
-1175359767,1343
-72585265,1334
235434076,1325
-1819347983,1308
-1265902003,1306
1683155154,1301
-1514472071,1301
1228837990,1300
619870176,1298
-959971364,1295
-1827580623,1295
-793797440,1285
-491061095,1282
1593008639,1280
2033169897,1277
1794318570,1270
-1813722844,1264
-1600005099,1262
113814394,1262
-210646254,1261
503699837,1256
-1225252495,1254
-705005928,1251
-1279318855,1250
-495268290,1246
-885135538,1233
1600797805,1231
-381938872,1227
-430107264,1226
-1881540238,1222
1490233897,1212
1938149607,1189
577547935,1188
-916217335,1181
527269127,1178
-186074983,1177
1040583478,1177
1409807909,1176
2027351413,1171
-1296591702,1168
2029826456,1168
425883053,1164
-1105914096,1161
-1114675669,1160
1996388140,1151
-1848375347,1148
269000989,1145
-1939892025,1142
320547186,1135
-1057996794,1133
-446834057,1126
-990907902,1124
-45284310,1120
1742931703,1117
1120015840,1113
-342320226,1109
-2107315761,1109
2102942856,1107
-2131803290,1104
1637970570,1102
-887536398,1097
1933088484,1097
-411934351,1095
158439243,1095
-2102927559,1089
-207028568,1081
-1466418516,1080
-497542127,1076
485915290,1074
-527386983,1073
1202186608,1069
-1457606248,1061
-460240385,1060
-1301796017,1059
-813756068,1055
1593143685,1053
1481427140,1052
-1632515498,1048
723829411,1044
-362585720,1044
537840046,1041
-1169772264,1039
-744642618,1036
645784205,1035
-187799543,1031
-1604212596,1030
55460943,1027
282972394,1026
1872959576,1023
-133888613,1019
1658526569,1016
-1419403118,1015
-247780113,1012
801319259,1010
461537966,1005
-1032698549,1004
-434958079,1002
-293826896,1000
1496100807,997
-2138300964,996
1013558484,996
-553266384,995
-1847464721,991
-1464533714,987
-1996565649,986
774485351,984
1549019072,983
1991018477,980
1222774025,978
-37530360,977
-1955015944,971
1295330391,966
1297024905,966
423820188,963
-997440475,963
664733860,962
-787438648,957
263528873,954
-445906739,952
-649897831,950
-1226033067,946
476412542,940
-867566712,937
-114110046,936
1673105428,924
146585151,919
-331583414,916
-410604936,916
479434565,914
1265261644,909
1549723479,904
1774493235,903
1978790841,902
1478113684,901
-1195278474,900
342059802,896
279226857,890
399598417,889
-901972828,882
483475011,876
52700332,872
248014091,872
2078146392,870
-670830183,870
-1437720835,869
758560487,869
-528367787,868
524868029,867
-103141684,865
1965075352,865
160894062,865
541489307,863
-949712247,862
69660035,862
1560101562,859
-824238553,859
-833665896,856
1789470267,856
-519920334,852
-521893266,848
-406069247,847
1322553682,844
-511899973,842
1053076845,837
1289307069,837
1820772902,836
1154850317,831
946107541,830
1677396729,828
1215347045,827
-418401474,826
1061202360,825
1650054541,825
-668399629,825
886318165,824
2124147507,821
-293687789,810
-1893502131,809
1879747495,806
1934464809,806
913059174,804
262365175,802
-1820803076,802
1894964746,800
329769951,796
-840643680,789
-1070796219,788
1622363033,783
-1813512117,782
-709690155,782
1504377138,781
324477357,780
402547956,771
319300596,771
1477650757,769
-2099026095,768
-2145525669,764
1289031152,763
-418674797,763
-1952434554,759
1442059971,759
-1892264668,757
-1875669146,757
1494261880,755
-588831774,753
1523871520,750
-1152026690,748
342946240,748
-909825338,747
307123127,744
-1849917521,742
438690260,741
-137616155,737
-1464427888,736
-2140054473,735
-1534807711,733
193241077,732
-818995519,729
613025336,728
698926433,725
-1021365602,725
-995338560,711
398111273,711
-820169539,711
1524553549,709
-543682893,708
46980191,706
888040762,704
-1228428735,701
-673272614,700
1624266644,700
-628639793,695
-388679303,694
1016146852,691
709824360,690
14247505,687
-1590665281,686
-111996025,685
388426202,685
-1334251965,684
-1587594272,682
1925244237,679
-1440286798,679
457108945,678
-538473078,678
1527962156,677
-1532984763,676
-1566114211,672
694334796,670
-1168636662,670
988889204,668
249215487,665
-1509860744,664
908554502,664
1942520514,663
1609057600,661
-1064854813,658
-777197782,656
-445544016,654
239519537,651
-1567571874,650
-140374135,649
692334504,649
1291457614,645
153826400,644
926035493,643
-778719970,640
-1068310208,640
-412130158,638
304327299,638
-169842078,636
1701516796,635
-1050861876,633
151184367,632
728567482,631
-674491227,629
365173176,629
-100816957,628
1135957174,626
540107173,625
-14034179,623
1268004071,621
554182205,621
1094104749,620
521974641,615
1197934423,614
1797627114,610
103322754,610
-1646116449,608
-1164068950,608
-1674989461,606
665463321,606
-696375792,605
-1754846367,603
380991569,603
1257960889,602
1062063783,602
-665399664,602
1691340767,601
1328905104,601
-710320800,597
-194714037,597
1911473373,596
-977494423,593
-2120302688,592
473006428,592
-1761752221,587
597864737,585
1218496779,585
-891724992,584
1545943073,583
1270063209,582
761882717,579
1810603055,578
2123944030,577
-1978764224,573
455934622,573
-800980455,573
992287637,572
-1576267809,570
1902397769,569
-2107077644,568
-1876078264,567
1518627073,567
-1490562961,565
1168291691,565
-2115728840,562
1182479075,561
-1611534358,560
1876815460,557
-1636113933,556
1483339053,556
-1544443679,556
900281421,555
1001715531,551
-1124545008,548
-1315528911,546
-814212925,542
-428637351,541
2078580133,540
1855844121,539
-733509535,533
-1683088938,532
-1156312330,532
-498509192,530
887635714,527
2116438903,526
1705394659,525
-278517194,523
-1862744102,521
-163614949,521
-758579039,520
303828573,519
1416447981,518
-1511559054,518
1638608299,517
-608408236,516
1054493080,516
-1805443932,516
1412373380,515
-719827744,514
460540511,514
1652134542,513
594154133,512
1034539248,510
747825393,510
1664574712,510
-734622988,510
-622397119,509
1469226712,509
1446630674,509
1743199602,508
1223604853,508
-13613327,508
987167558,507
736070784,506
1362053734,506
1042500826,504
-1613434212,503
1327599763,502
-779167674,502
-1027172065,500
-1742459033,500
-1522675609,497
-195798517,497
306902994,496
-932887224,492
1110749713,488
633719221,487
-2114921355,487
1901345031,486
-513071393,486
-431181237,486
-2093610698,486
-645122803,479
1196051509,479
1869629566,478
1969229748,477
1414518762,477
1176764880,476
-24276522,476
414872635,476
540146448,474
2120664345,473
-285017717,472
-1907772082,471
1721131641,468
1847219874,467
189845483,466
-309837822,465
-220695836,465
1946289056,464
-1131311661,463
-1651742445,463
1460869553,463
1264441916,462
-2047928452,462
916601068,462
1757538599,460
1322569177,460
1622950101,459
1660698772,458
2047928759,458
-40467132,458
-1023865029,453
-1612332087,453
-113971507,452
-1652026930,448
732545876,448
912796210,447
-425546401,446
-1702029758,446
500942580,445
648453396,445
1626110249,444
1963721423,443
1790746976,443
986273230,442
-1731030118,442
-1478545708,440
248428010,440
-55162440,440
1145984209,439
359189077,439
-851439987,438
-109420930,438
-608016035,438
665496887,437
-857150829,437
-1770400057,436
-1752235795,436
67749889,435
-2140870346,432
2082194918,431
1100236635,429
-982162903,429
1282367985,428
-1860290261,425
-572282039,425
-1137138538,425
-414894595,424
-1031891416,423
1789819203,422
1165375677,422
-1751712106,422
1503670968,420
-1025217189,420
-800533379,416
-2120774855,416
206576409,414
-857487156,414
1848235184,413
275413339,412
1127214028,409
-1226933300,408
-1643880721,407
-1626134889,406
1749946182,405
1895206204,404
-179219985,403
821687304,401
508007489,398
-1763081095,397
-895164414,397
-2143604647,397
-61685405,396
1657037181,396
-1307570147,395
1428319618,394
-1454313707,392
-41928393,392
621445956,390
1882223375,389
1159067630,386
-467427519,385
-1455465640,384
250249084,383
1984471600,383
761229959,381
1025788131,381
-1305012532,380
-2006961864,380
-1060292561,377
1968163338,377
562514128,377
198212707,375
958757960,374
-1661278909,373
1268641603,371
132641511,369
-1376503448,369
1982655136,369
1692884736,367
1237739234,367
-70723136,367
-1666023186,366
-1540124244,366
573174833,365
1540210427,365
970686906,365
-1292383554,365
665123895,363
1217805809,362
-358449903,360
233402284,355
1467037394,354
-918497229,354
-1867865400,353
1479310499,353
258480782,353
1929577010,353
-1421798072,352
-41039266,352
-1922518754,347
-1120198216,347
-736427639,346
1435329620,345
2002363597,344
-1329733733,343
-1852353931,343
-1648852029,340
-1395502802,339
1320003866,338
-758207400,338
-514013423,338
-189516624,338
658516918,337
778998754,337
452437531,337
-1478577701,334
1995549660,332
2119087882,332
-1222125578,331
697623952,330
2028931277,329
-368354885,329
-1576174895,327
-511307946,326
585887327,326
-1261921831,325
782704030,325
-1614050785,323
-1897710542,323
-1295072228,323
-443471781,323
1864421064,319
-864923191,318
1919414423,318
-680054162,316
-2001502012,315
1485197711,315
-1281925914,314
1801739464,314
1768447901,314
1937154880,313
-1960593145,313
-1150749805,313
-428036440,309
-1856984525,308
1542638740,308
808465313,308
621862930,307
-1415067649,306
-1888464555,306
1493408297,305
1831225101,305
773392163,303
618103802,302
-979889442,302
-1684647587,300
-375493940,299
1956303441,299
281251887,298
-1186365351,298
-175808164,296
195094334,296
621694349,296
-1686242021,295
607880490,295
-1283630079,295
260117868,294
-2008938603,292
-1439182983,292
-725010556,290
-722478875,290
891710129,289
2119633436,288
-474699370,286
990358329,286
93735400,286
-173245762,286
-1065327523,286
1696197856,285
-948881301,284
1690331099,284
-608752786,284
-1795868017,284
465686913,283
-988679569,282
-105598598,282
480522604,281
2112992371,280
-1102049569,279
497652507,278
-1850658943,278
1202777912,278
1065997615,278
307450833,278
-728596960,277
-208673682,277
-1914133344,276
714762032,276
-1722130864,276
-886670344,274
-242098103,273
-1639516688,273
-930789357,273
1343561154,273
-1906899299,273
1507648902,272
2005624700,272
1017588601,271
904366814,271
2076068883,270
304474041,270
-1247786256,270
-1785486059,269
961944367,269
2138620990,267
-1506504349,267
-1990364237,267
-1025478800,266
1758330340,265
1870854611,264
-1340341454,264
1415948706,264
-1642545932,264
-1731824581,264
-127900943,263
-2004259712,262
1000485740,262
-1169729948,261
-1876094526,261
1308751993,260
1620299108,259
278844820,258
1587458062,258
-2119157118,257
-269800823,257
336700097,257
1971699880,256
-853169192,254
-1824598578,254
1768559266,254
-1397763248,254
955433762,253
1912722822,252
-1647869560,252
992810884,251
-1448100264,251
-34066084,251
1815708014,251
-1946441084,251
1982575511,250
2076898038,249
331946752,249
1085500428,248
-1763273510,248
2141628875,248
1021163909,248
-822820606,248
1443083612,247
-11198246,247
-1290941562,247
-78227743,247
1910218940,247
-257421411,246
1185229454,246
1230784733,246
2086898905,245
-2143900404,245
-1427700854,243
829874479,243
-1352781947,242
2133270774,242
-230546595,242
1263481436,241
1066122491,241
-617833050,241
1849509054,240
-1480231351,240
1557359183,239
1911772806,239
-534318559,238
-853534359,238
-1424344188,238
-915905510,237
-1879036630,237
236734728,237
-1884269565,236
463943589,236
-1183532753,235
-203312738,235
1978491017,234
-386870743,234
-8357519,233
1400751907,233
-1956806505,233
-776650584,233
1625026159,232
659794601,232
-2105735529,231
-1228574014,231
-276842067,231
797627537,230
-1212144662,229
1714283096,229
-2106883084,229
-111045160,229
1268360203,228
862469280,228
1630873983,228
1719950012,227
1509825467,227
902807047,226
1170909048,226
252354059,226
118759013,226
-841810058,225
-171439595,225
-1839876628,225
178221853,225
1327335741,224
-1808551605,224
-1669683711,223
202041647,223
769436134,223
-2094830179,223
-250941266,223
-1555871240,222
-99512238,222
-1952070567,222
-1224807616,221
707384659,219
1611963701,218
-140290146,218
2020400858,217
-1145655890,217
1698254690,217
-217914022,216
-955761620,216
-2131186775,216
1693590044,215
-1281523130,215
1821536008,214
169663081,212
1544491937,211
-116007762,211
1203752762,210
-1418209276,210
398228058,209
1570093164,209
-1035546964,209
-969214081,208
1249856006,208
-1532293283,208
-1870551508,208
227527156,207
548516368,207
-876999972,207
162151079,207
-1838466330,206
1239280733,206
-1655887729,206
275411029,206
2089943544,205
-1572146559,205
1783398134,204
-1165796037,204
-969570902,204
1886280593,204
-1298528638,204
-1548989486,204
-1593459305,200
-999848528,199
-1502577749,199
-478069469,198
-1138769895,198
-473297259,198
-63948367,198
1474966510,197
704388910,197
-1400176350,196
1710063417,196
1308201775,196
738460283,196
738517823,196
385032931,196
1199665403,196
-1716075714,196
1667204151,195
1481564478,195
1554154881,195
-1324842846,195
-455393762,195
1852580045,194
-1241630697,194
153174198,194
438841979,192
-1542699956,192
134414333,192
-1030880570,192
1392983513,190
-717358210,190
-919120339,190
2146654979,190
-911952904,189
-1574025053,189
-640716714,189
1712158968,189
-1575787990,188
1541510772,188
-920531662,187
-1285181512,187
1166080678,187
-1973225781,187
-329555450,187
919405366,187
-1885118614,186
-1460168601,186
-789434737,185
-1800756845,185
880420473,184
-782117769,184
-1811663324,184
-2002543069,184
1015776287,184
-2112561009,184
1655599526,183
-311463721,183
1246846822,183
1406076036,183
493168353,182
566605572,182
-1939706451,181
680037584,180
889743734,179
-1793159485,179
2116667664,179
1768353148,179
635318533,179
-1906873516,179
1312152487,178
-1159794989,178
-111396831,178
296434227,178
1403684719,177
-746216312,177
-1951653613,177
1397982694,176
-1170751536,176
-1488298112,175
-797572964,175
1835208267,175
-865403164,175
2137510271,174
339216871,174
-1703770623,174
-1837086813,174
723928341,174
1570150509,174
-258224383,174
200021595,173
-84812632,173
1091553342,172
-878300705,172
183118556,171
-1593518081,171
1989855839,170
-399449382,169
1356074380,169
-1092892984,169
2033182469,169
-150329606,168
-339489421,168
-1388238970,167
-1852811734,167
573739846,167
-2118344246,167
873960306,166
-664690767,166
-1117817194,166
-710290231,165
-367267505,165
1292021630,165
-363232563,165
-150513354,165
-1308662588,164
-1182872477,164
1245868562,164
2050284181,163
274060093,163
-592214570,163
-185447186,163
83049027,162
-856134798,162
1203505198,162
2061580169,162
234248262,162
-2091969847,162
2003470492,161
-53340407,161
-1407508533,160
-397082034,159
-1809190270,159
1700089733,159
-1889610639,159
-1270295975,158
-1767468105,158
2019092612,158
-1049252852,157
1484987431,157
1097363683,157
-1002210640,157
1655109453,157
296723475,157
-2012302367,157
-1400759831,156
-663546759,155
-1796810131,154
1652811897,154
-29842941,154
896408504,154
242066300,154
-1482936959,154
373880795,153
861352375,153
-819216269,153
308892952,153
1873764726,153
-1128531543,153
-358000233,152
408247973,152
-132282623,152
1126852065,151
1415457037,151
-1159900913,151
-416360215,150
-119375128,150
-644389186,150
574945198,150
869145034,150
-1270487227,150
1301110912,149
468704370,149
175623589,149
-1315622842,149
-1152567092,148
-1089431078,147
1927268278,147
2015923467,147
1591704598,147
-2067161719,146
-596748685,146
1782625693,146
-516944457,146
-695089218,146
-613440302,146
-167995083,146
616668061,145
-783322593,145
-1521206900,145
-504071368,145
1079790165,144
46551975,144
-168619089,144
1532063688,144
-296163545,144
737152109,144
-1026625453,144
-187347560,144
-169516485,144
179176019,143
1156593039,143
949990672,143
523270265,143
305072904,143
-1670351353,143
2094229196,143
-2037210096,142
545164565,142
659434670,142
-1070870537,142
699079197,142
2007955991,142
1787804337,142
127172193,141
-1285654075,141
833690915,141
860780192,141
1746007311,141
570251908,141
-1039412520,141
1261810987,141
1393683154,140
-512379585,140
-1990061048,140
1049686485,140
-1527576187,140
1059844847,140
-1061546633,139
-248081041,139
-1976337540,139
-510207208,139
-1419419812,139
-1293002120,139
-1557660929,138
435237182,138
-2005710041,138
186971419,138
333919374,138
-469825926,137
947041398,137
-75520801,136
-1040565956,136
-1241152412,136
-857179299,136
-1094534803,136
1149260012,136
663772011,135
1030097183,135
-1104749575,135
441291420,135
207340616,135
1964908580,135
-888888683,135
360771340,135
-372481623,135
-1959403467,134
-918724428,134
750548771,134
-1571592219,134
1498141681,134
-652388912,133
-1130621281,133
552234030,133
-2140449211,132
1708500351,132
-1329445125,131
-2141658345,131
-548265949,130
831450026,130
-2050196232,130
-1861273612,130
-353697724,130
-1294255581,130
1934026336,129
575596174,129
1367580387,129
-1466595682,129
-1395717300,128
-151777273,128
-1347136837,128
868207537,128
503027846,127
-98181014,127
-943168384,126
-1993730280,126
-808711204,126
-1032453505,126
34535560,126
2128673730,125
538330509,125
1271355725,125
-1620461667,125
-344258133,124
571403314,124
-155060852,124
-533983424,124
-551141140,124
1175266544,124
-2050892971,124
-919439798,124
741568107,123
579902047,123
1946716953,123
2093893282,123
-1287411655,123
1097178713,122
-2075859398,121
1561019564,121
-2000867806,121
1951798756,121
1253069859,120
1560813345,119
-1634112015,119
435393528,119
309336107,119
1774942052,118
1979165428,118
1881416577,118
-1673546280,117
147915812,117
320582743,117
34456561,117
-31360058,117
-925739328,116
475560586,116
314326101,116
302246178,116
-183187002,116
331004900,116
-2069955839,115
-1508130785,115
-546001739,114
-1244696546,114
-887774981,114
-1716169411,113
445456978,113
1999525714,113
-865806404,113
-1283615057,113
-1520114438,112
-2020259043,112
1905475009,112
155919802,112
-2029408480,111
-513633938,111
-579214240,111
1056139212,111
418711563,111
-2090898572,111
-2110045377,110
1713715104,110
186307353,110
-1176274251,110
161481612,110
-18076557,109
-280906529,109
-1260970823,109
-412140385,109
2132677642,109
291912294,109
-542451542,109
-1562333994,109
1090462107,108
2063676160,108
-2049760367,108
250578192,108
-2018593773,108
347867537,108
1084928545,108
1640985807,107
723347358,107
-2017089039,107
1922326860,107
863540551,107
-1540236223,107
707985189,106
1977810270,106
1116133358,106
764978110,106
610597782,106
729857375,106
-796560117,105
-1938161517,105
333147034,105
990481826,105
39751968,105
-824211386,104
1425587632,104
-2135069910,104
2033017401,104
2011687665,104
23294342,103
925952293,103
752713991,103
-632237322,103
583767918,103
-1926923989,103
-1638859640,103
-1990709879,102
-889851776,102
1459046631,102
-1410927611,102
2087464735,102
292716690,102
1139407780,102
696821682,101
-3909323,101
377309652,101
415377739,101
182671749,101
-569803939,101
235767372,101
-1406013545,101
1901705256,100
-1819238159,100
-1688564278,100
495638544,100
1552245659,100
1215574136,100
794068756,99
-1684886004,99
-1136538350,99
-1802078654,99
-2089853421,99
313346461,99
1339493744,98
368854983,98
-1254757164,98
1747630048,98
-766062815,97
-1930837759,97
-305826113,97
-1301401975,97
-801898958,97
286351563,97
1638349931,96
-1526098638,96
928274788,96
-1472939991,96
-353261244,95
1048529329,95
2032570171,95
-1330437874,95
-708125951,94
1543767936,94
30890835,94
-1928853436,94
-2137863053,94
576259883,94
-815598108,94
-1703603750,94
433986114,94
725812250,94
126321641,94
349601619,93
-161365322,93
868691854,93
-1650374179,93
-1558437955,93
-2118791061,93
1088877044,93
899737949,93
1946532267,92
-509989485,92
2100478076,92
1197881470,92
1455479297,92
1357069172,92
-702675274,92
699089854,91
466999748,91
381136082,91
-1603698293,91
-2130173471,91
-101443326,91
302488134,91
-84233917,91
630683632,91
590193952,91
1770876729,90
-1381827860,90
1441445954,90
-1499755612,90
1197586295,90
2057838114,90
1754959140,90
1222314174,90
-1616410247,90
1315719396,90
-345744142,90
2069567355,89
-527611797,89
-1261713414,89
18622974,89
-2013411658,89
-1835029947,89
1974928053,89
-1914992890,89
1937705059,89
821052494,89
-1235154641,88
-1182619026,88
-1486558850,88
-1294071205,88
2081508298,88
-884345710,88
-36114838,88
-324853165,88
-149791488,88
1973479341,88
-1860797612,88
-996005487,87
1305272967,87
1705221110,87
-896438407,87
509605200,87
-544890545,87
27848340,87
1836051015,87
268203421,87
-979683884,86
-1354669401,86
4165321,86
1062693529,86
1373796921,86
-665770748,86
821985851,86
-1601195013,86
-1229063387,86
704384105,86
1148313756,86
-264221302,85
909554137,85
-814204262,85
-1452618554,85
-984867434,84
-1236736662,84
706720795,84
-1491034113,84
2043691248,84
-1723875732,84
-1687890707,84
-1963389289,84
-492045260,84
1782867153,83
-1600475975,83
93624965,83
1546520910,83
1395560572,83
-1564940778,83
1052874291,83
-873919438,83
414585046,82
706167145,82
-318518208,82
-1932285593,82
-232050079,82
1225593477,82
-1315105235,82
-250315328,82
458814262,81
1321822343,81
1017360315,81
1940097706,81
2067742684,81
494204810,81
1308797236,80
852343903,80
-108845019,80
825376937,80
-920155706,80
712067501,80
911886352,80
-293615345,79
-636889098,79
-1291683006,79
1512868101,79
-193469925,79
897740863,78
1201816924,78
-1866396589,78
-1082119029,78
-188911903,78
132265574,78
-1654744841,78
2111638439,78
-825473444,77
1797573372,77
90859988,77
1597701500,77
-1811416146,77
19591525,77
968494861,77
222378459,77
-796078377,77
1281038690,77
-843297578,77
-1697335547,76
-390121496,76
-730113321,76
-1041062724,76
629340936,76
1258899137,76
1169580267,76
1112892729,76
190353402,76
-1904650117,76
-704214473,76
457935292,75
870545088,75
1304929129,75
-1912827006,75
1574663803,75
-301242268,75
559073107,75
1728859800,75
602804234,75
933787828,75
-2089179774,75
691756396,75
1566420189,75
-1795943892,74
-1294007581,74
258234673,74
1408354985,74
867746196,74
-949729128,74
-524238131,74
-1103123462,74
-1308010527,74
1325985293,73
1791195031,73
786203759,73
1950518325,73
-1190616834,73
1123668278,73
313521359,73
-1752913837,73
715083070,72
-2100192393,72
490574895,72
607397711,72
537965138,72
1852135614,72
687817357,72
1387565531,72
2017995412,72
-481468118,72
-851501961,72
2006756073,72
1857627804,72
-1074610332,72
-1483472919,72
-1936323516,72
52071061,71
-1193903429,71
333803825,71
-1957111770,71
1024433550,71
1402112672,71
1606045469,71
922186924,71
-612104167,71
28394476,71
2145308417,71
228185385,70
1679127365,70
-1588942784,70
963512907,70
1264122762,70
1570329022,70
-116107229,70
-662371919,70
456776613,70
1986691311,70
49267164,69
784081846,69
1315323943,69
1313038122,69
-707726282,69
-854470799,69
1447228590,69
1168779632,69
-682133580,69
-1953461722,68
696304692,68
-20748683,68
-1790102245,68
-1972604117,68
2132507964,68
-1701671108,68
-1138598315,68
-2079159057,68
88251773,68
-1485328431,68
-154583210,68
178057013,67
27719411,67
-1842052434,67
-776331621,67
866113445,67
2017723687,67
250965645,67
870009618,67
-385562193,67
-2125648770,67
-1002647365,66
2056676620,66
-1195850433,66
-194471617,66
1387051915,66
1314708857,66
-1512796344,66
-94235460,66
-1052959490,66
1141411972,65
-150719194,65
-1674874195,65
847684107,65
-92316381,65
-1680174020,65
1153307264,65
1814809601,65
-884718798,65
-1609229777,65
1025830614,65
1150309084,64
1864067361,64
-1342169367,64
-386008489,64
-1347867181,64
-1071009979,64
-785922158,64
-1366667677,64
-1178042198,64
-89596490,63
1839157058,63
311970325,63
1842862124,63
1868704438,63
848983475,63
-391911081,63
1735969172,63
2091005361,63
-213058718,63
207688723,63
-931373424,63
313258329,63
-2013105188,62
-1268605556,62
1717500429,62
324687840,62
-1835350745,62
1422171742,62
-2097163327,62
1510470485,62
712648705,62
-1072458253,62
-844293384,62
844286392,61
-319140018,61
1341909652,61
1959336578,61
-666355242,61
-2101794008,61
-684032568,61
1142258808,61
533556694,61
1179118802,60
-338644516,60
-2073712346,60
730796877,60
-1267295733,60
1418915125,60
-1972128767,60
-1692841353,60
362264909,60
-534391946,60
-1414780336,59
1844410237,59
1578300644,59
-287062446,59
-597136200,59
493433301,59
-503405100,59
-1192828466,59
272092773,59
-1309834575,58
1193515211,58
-1612337682,58
-52767902,58
-1669027661,58
-1779398633,58
982557676,58
1311904063,57
-306122364,57
958807414,57
1565062427,57
373486622,57
1307061527,57
-1435870438,57
924973701,57
-1553079351,57
1011342288,57
-1960198963,57
-1321140500,57
-303007671,57
-1247766008,57
-2019346247,57
1140602934,57
311875692,56
221046896,56
-2045772503,56
-1343554661,56
827428204,56
-1525604165,56
891163706,56
-1430144811,56
1123927053,56
-493635824,56
2037704455,56
769233405,56
653561042,56
526406359,56
1666289770,55
-724286027,55
970980767,55
583869751,55
-978144672,55
232734527,55
-1709556683,55
-1040970668,55
-1040043176,55
530494381,55
-1239668838,54
2081634641,54
430788442,54
-1139442494,54
1311087759,54
-1455076589,54
-482923034,54
-1172899699,54
-205448315,54
300325718,54
-140815346,53
934140834,53
-334163995,53
-1970496939,53
-1826807199,53
-17051436,53
135698136,53
-1039905393,53
1253923838,53
-1906632023,53
1933234729,53
-43073381,53
-720871232,53
1030392613,53
-1796795183,53
823847622,52
639132470,52
-811845293,52
76230065,52
-575830589,52
1294054055,52
1586613181,52
918900194,52
20508719,52
1897170907,52
251528233,52
1674298345,52
2115260047,51
-137050460,51
-720685908,51
-1416358127,51
-330686193,51
-1552258133,51
660555323,51
1675648328,51
-1151076266,51
-1047687282,51
724998238,51
831454026,50
-1829368813,50
-668291609,50
802528664,50
-1192383363,50
2003890787,50
896774974,50
1266882731,50
567143730,50
-995123254,50
962573705,50
-124515381,50
-273290297,50
753567550,50
-981341013,50
-663518442,50
2069194088,49
459571818,49
491157384,49
190867222,49
312477145,49
-134352069,49
-946528409,49
-227353619,49
1925422644,49
-724975349,49
-922289023,49
-799543054,49
-1766697681,49
631271141,49
-399194536,49
1661251636,48
-645798315,48
1671382646,48
1387483535,48
-939292723,48
-974359140,48
-413794639,48
1852541925,48
1232185224,48
-2021151485,48
-1737273463,48
1850495276,48
340068760,48
1507458504,48
-2021939893,48
-1411363679,48
-561585384,48
-2083405961,48
735078165,47
118310040,47
1114336270,47
1670011316,47
247925758,47
1468185287,47
-353959942,47
-1481535039,47
-311091501,47
-1136559713,47
-608196533,47
796022917,47
-1798970063,47
1108361094,47
-1492476599,46
993479509,46
-675670098,46
360937247,46
1649553727,46
359450661,46
-246437824,46
-2125499449,46
-1839794450,46
1765597408,46
-1194291609,46
-1865305368,46
-2078811999,46
-1176231713,45
1082534873,45
1137976532,45
-779232626,45
-738771477,45
1397491251,45
-629035121,45
1874218313,45
-136276564,45
-809321465,45
498507518,45
-983351607,45
532895363,45
-947312658,44
-1817949178,44
-633170745,44
624086639,44
-1401037418,44
-1794097927,44
-156167768,44
-1523496435,44
2143701053,44
1231255513,44
2096626924,44
1764411649,44
1400689096,44
-800967600,44
1416107887,44
1369383923,44
-738490744,43
-1125092240,43
1009157212,43
-190307595,43
211888807,43
-2107182808,43
974075462,43
-1640312173,43
-1927044472,43
-274437471,43
255425605,43
1758003445,43
103096632,43
-483412310,43
463110452,43
2009589599,43
-1159163394,42
-175232004,42
519886038,42
1390918646,42
-1370138898,42
1757687263,42
728913559,42
1846088880,42
-1275501397,42
1533903627,42
-2081369052,42
1230558870,42
-525969969,42
1604358317,42
1768840389,42
445195809,42
-755018587,42
-1951831900,42
1504667664,42
-634851306,41
278707259,41
1851425376,41
-1271855119,41
-1333134535,41
-622549681,41
-718633164,41
-432214552,41
-1168360612,41
2142605771,41
1655073800,41
-1143618400,41
801710282,41
436921594,41
-1827246133,41
-1189922461,41
-1174688317,41
1969599630,41
-985798913,41
-181205061,41
-1086342234,40
-312285952,40
-1261468612,40
-302162115,40
-997013249,40
2079241386,40
-1167555709,40
1605043217,40
-698424321,40
1439852689,40
-772032011,40
-2085613855,40
-1333098244,40
421276344,40
-147473255,40
-980297163,40
2034336664,40
690576860,40
-778192925,39
35596456,39
-1554243313,39
-1439399906,39
30839896,39
-117287837,39
-211816461,39
429991549,39
1428356447,39
-711884679,39
-80658126,39
-546559612,39
178992116,39
1394121287,39
1729551982,39
1946826370,39
-1462904505,39
-2056054254,39
-1821568747,39
-1832691422,39
-208569091,39
-1260615055,39
-856134420,39
518686156,38
-493719174,38
-508154171,38
142309773,38
1032484927,38
-522767856,38
261409209,38
-1064722882,38
1417273789,38
-1307549335,38
-269993924,38
1531254930,38
388704023,38
1005634210,38
-552417847,38
2005339114,38
618746638,38
1008218396,38
-1663579801,38
-2029172676,38
-986268040,38
-792768654,38
-1458530851,38
-1817541386,38
1038985577,38
102379331,38
1079280053,38
85424528,37
-1568520860,37
-1984424384,37
-1928182184,37
-242362163,37
1461080217,37
-269053882,37
2121332253,37
251940814,37
-1576926811,37
-1661019175,37
1440197380,37
316878023,37
-1059920933,37
51818561,37
624889021,37
-1984570209,37
-2056049238,37
-1696917198,37
1172285086,37
1746700672,36
1436896063,36
1428000480,36
563406667,36
1142191709,36
-930708325,36
1994681370,36
829955403,36
-479685447,36
-1514103860,36
-1458929826,36
-947224428,36
1995494469,36
93929291,36
-494232876,36
1530062919,36
1306822686,36
-1187101709,36
1863102046,36
-2078335754,36
137044725,36
-778301141,36
-326167883,36
1418244126,36
-305418128,36
-1221772708,36
-2090130377,36
-704782828,36
-1085046303,36
-53627056,36
-1934415927,36
1426124673,36
-1577050094,36
1292904954,35
437797755,35
-1711371458,35
1801928930,35
1358038346,35
-1477719956,35
-999652558,35
-1026177138,35
-1603979889,35
-361471767,35
1620334405,35
-69230112,35
-1149107183,35
-406646306,35
-1040620642,35
1257992909,35
-597812067,35
1001956978,35
640830224,35
317617872,35
672935829,35
-875923124,35
17211858,35
-991209944,34
1685816200,34
1323311497,34
-219594190,34
1918952801,34
-1182706668,34
-1528829979,34
-971843358,34
345210247,34
910337198,34
917265909,34
-757758126,34
853936977,34
1589751350,34
865699079,34
287751136,34
1036340352,34
852851624,34
-94627316,34
797739589,34
662602604,34
740701508,34
-661428253,34
-1451928165,34
582076418,33
458549836,33
850470379,33
50641815,33
-895976517,33
-1511964736,33
1748128718,33
694430969,33
-1147703326,33
7625925,33
-1998271463,33
698651203,33
793389451,33
-922931241,33
-566268695,33
-1774847849,33
495161313,33
-1640796254,33
744768975,33
-437864873,33
1599132704,33
1507694123,33
-2007043775,33
-1561601108,32
2041753002,32
2103010609,32
589713121,32
835785874,32
-415402851,32
-518464750,32
179020301,32
1294506060,32
-766145365,32
-1956170885,32
1432634613,32
-1630985644,32
-91172804,32
-1605486653,32
-1210856066,32
235173660,32
-1479916236,32
1498077184,32
-1836468223,32
1609259302,32
-329870297,31
1875192318,31
676072420,31
805863076,31
1404520029,31
-526736863,31
1782846809,31
-1519057102,31
-980523779,31
-798866272,31
-182978869,31
1761616599,31
-275718171,31
1731720305,31
1336853352,31
2002246633,31
-1978219050,31
333624190,31
34127899,31
853203905,31
1147315973,31
925263,30
-711590446,30
-2117337800,30
-1268388011,30
1694094291,30
381425011,30
-1799839682,30
-954445514,30
202017459,30
788638475,30
1972067372,30
-1058735335,30
500803935,30
1545876477,30
-2092284390,30
-140280119,30
-1625639383,30
1880244174,30
1557179256,30
-1171704753,30
-536753985,30
27205190,30
453902902,30
732098269,30
2115272967,29
14000951,29
1071257721,29
1530083446,29
421301889,29
1123731788,29
-1644338246,29
-406883245,29
-861072405,29
1498625646,29
-104176299,29
-394188051,29
2140750492,29
621322040,29
-438703460,29
-933066959,29
-1393680067,29
132150209,29
-2000270860,29
-1528903683,29
-1073479871,29
969453538,29
-1888447660,29
-294597053,29
1812569310,29
-1167777994,29
1783015273,29
1124777830,29
409001097,29
-2000272675,29
-1145392695,29
-1104885465,29
552303930,29
1247391374,29
1692301204,29
-648036169,29
248496985,29
-774880561,29
941417987,29
1356647139,28
1077673590,28
-521026685,28
972447932,28
281045556,28
-1597969726,28
-2030756048,28
1442171003,28
-1518348523,28
32944347,28
-712499440,28
-115163388,28
351430865,28
1728544833,28
-1333342202,28
-1180202853,28
459375880,28
229089505,28
-694224612,28
-819615296,28
888603413,28
1350588351,28
411498456,28
-509483949,28
128100535,28
493916606,28
-1527616882,28
-410978926,28
-423902674,28
-567680590,28
2023893135,27
1074442135,27
-954996981,27
499147456,27
625032377,27
2067935167,27
-1735981627,27
948416215,27
-347672067,27
1657338277,27
-1916536695,27
505079269,27
-712317531,27
-1682015674,27
-157648098,27
-201503160,27
-1246489699,27
355398807,27
86184796,27
999785108,27
884554721,27
-457207319,27
1960472920,27
1572468457,27
-1270099865,27
-1190808198,27
664785772,27
1400715851,27
1585901874,27
-20548408,26
1156258933,26
-1756730712,26
1319295663,26
554085576,26
1983105780,26
-871606359,26
-318437479,26
1529774044,26
1427014201,26
1294176227,26
-1079544385,26
-1925834581,26
-820321820,26
1846499758,26
-1216266899,26
-601314313,26
-262755640,26
-1550355767,26
1862021521,26
-206111175,26
-866149747,26
266578727,26
-766390719,26
-990155567,26
1659079833,25
105086484,25
1958248479,25
-1388668486,25
-1633973247,25
186772447,25
1405668455,25
688187206,25
-1798359064,25
-1602857821,25
1175350304,25
-2090303477,25
611511037,25
-2047040298,25
168229773,25
-1989188670,25
-228125788,25
488053087,25
-1040099985,25
-530847657,25
-27658249,25
895604462,25
1833620550,25
214355072,25
-119226785,25
2104685139,25
-778557425,25
234298019,25
261195029,25
-1022610361,25
314597015,25
1718809864,25
2098565943,25
1049915914,25
1653927228,25
-40417603,25
-92349918,25
1870813541,25
1829616577,25
-1831258350,25
537675112,25
-1718194189,25
-82925509,24
548658677,24
1960997330,24
-1734972204,24
-692422669,24
-840376126,24
-2132354011,24
737984909,24
1001940414,24
1691498579,24
-1472797066,24
-1871189266,24
-160715180,24
-952387542,24
46180845,24
1672039568,24
1051304274,24
-1557440976,24
-1001056104,24
-1401968057,24
1883948253,24
1575458843,24
-186495523,24
1328338035,24
949815317,24
-519420322,24
-1150905187,24
562741958,24
91804892,24
2001856930,24
790651549,24
-448233070,24
1522731768,24
-1670481916,23
-1933016947,23
-242789703,23
24050689,23
1075776462,23
-1981959234,23
-1525359188,23
-1859406418,23
-1534699033,23
462785148,23
573181390,23
1736935308,23
115154292,23
-1350006936,23
-1745496973,23
2121935330,23
-1151430840,23
228314483,23
-1171856700,23
302089224,23
581431001,23
-181352717,23
850034034,23
108335583,23
-401433332,23
1678540904,23
706331944,23
1521291003,23
2112958993,23
672504092,23
-291510061,23
222683047,23
1528553589,23
405891801,23
-343309498,23
-1956915677,23
860060499,23
-865659643,23
-1964379905,23
-456324551,23
553506480,23
1138263802,23
1517165121,23
1050761646,23
-1005814404,22
59031900,22
1376633940,22
-984129963,22
1303273718,22
-1452711401,22
2127727494,22
-587625037,22
-141750196,22
1284139038,22
-1361684124,22
901404591,22
-2004811796,22
276307515,22
-1618552136,22
295144800,22
-980605779,22
-1439271446,22
-1709294343,22
1909528589,22
-1957678130,22
1407130704,22
493082333,22
-1509802223,22
1689746832,22
2088578829,22
-1565145306,22
-1129538271,22
-1931291777,22
-645696994,22
1533040477,22
1098468798,22
1531342337,22
1203406561,22
-1234968019,22
1220693049,22
851795687,22
1203604435,22
-963160556,22
180638790,22
1531381209,22
-2141807336,22
-124687130,22
1327481050,22
722095261,22
912049743,22
-1043442460,22
-573695035,21
-933925613,21
-2131736438,21
1247934766,21
113281095,21
1021689600,21
644186618,21
640163865,21
1185555963,21
-983064829,21
-1520276703,21
2041766882,21
1803152367,21
-2145829681,21
-1493236746,21
414131978,21
1846253387,21
-1547086737,21
-1223160342,21
-1033742238,21
-2039809144,21
-379968263,21
-1545768172,21
-1542650425,21
784355773,21
109836278,21
654732738,21
1459559045,21
1168462331,21
251928332,21
-2071142966,21
47644490,21
1384290503,21
779927374,21
-1797145497,21
179119125,21
2141050684,21
-526700537,21
-1407403514,21
-1224439311,21
-922580526,21
2029672795,21
-15169630,21
-49969992,20
-525845755,20
-754232359,20
-559319960,20
23125883,20
1289688427,20
-1590641557,20
760424194,20
-194694269,20
-1350416802,20
-2003707816,20
163769302,20
-1500745027,20
-1021270062,20
1004591692,20
942415296,20
-961688853,20
-677418222,20
-58585592,20
1590702718,20
-154080056,20
-1565073399,20
-1936872484,20
-894287283,20
-816127194,20
-191119499,20
343141496,20
2120924850,20
1458225327,20
-1281000734,20
-1807691000,20
-1918436568,20
992012846,20
-1878106289,20
-500270917,20
900356472,20
-740932187,20
-1009398517,20
-1017461840,20
-1087443329,20
1988545339,20
-1739759853,20
-423852987,20
253078248,20
1823096297,20
682339761,20
126402725,20
-1512584281,20
-959569920,20
-2003594820,20
745045658,20
1434521390,20
-1482979911,20
292470222,19
118635657,19
-1477531797,19
-1513437936,19
1826923258,19
-69675231,19
-1920854861,19
738438526,19
-1560577282,19
-2050937011,19
-1036019110,19
-1569507423,19
-283437861,19
-1161500722,19
-683689478,19
-104358295,19
-674665031,19
-305444056,19
2039989682,19
-2069670708,19
-1520025513,19
1439903598,19
236462223,19
1412000085,19
1595633826,19
-346737734,19
-113087188,19
149262734,19
-158730009,19
-2050294965,19
155477546,19
1158936300,19
1750128001,19
412740303,19
2110116988,19
-1709077720,19
-1820666868,19
-400597913,19
1737807276,19
178799114,19
-1971481345,18
735753545,18
-1483971429,18
1108920343,18
-1213482696,18
337520817,18
452579936,18
1152821024,18
-1874404723,18
-1382810423,18
-1485366225,18
1693274041,18
-1374325046,18
-1956648335,18
1781991036,18
-960593368,18
1485762934,18
-1594590621,18
-1249190608,18
-642309048,18
-1127621695,18
-1761324449,18
-966513114,18
-2023583802,18
219106789,18
-333680596,18
2046566209,18
-146051768,18
-1735198293,18
-841356222,18
1189298628,18
509920083,18
-1890232151,18
-394807643,18
1981030713,18
-367345952,18
506539386,18
-660404160,18
1355200495,18
-1103819257,18
89684438,18
1935284680,18
-632490874,18
245099984,18
979226516,18
-2012634286,18
-1855572797,17
518643406,17
492913047,17
-1906209643,17
-1893943411,17
-1368831738,17
-1525462545,17
-1848575769,17
-497218658,17
1585195883,17
-1759082894,17
-1779336651,17
-1375350818,17
809596509,17
-1553508715,17
-110711642,17
-2096358320,17
1038734066,17
2094949438,17
1497036475,17
681509696,17
200950796,17
1447096461,17
1653253014,17
-1941936755,17
235873200,17
-1895956472,17
1788584830,17
151757639,17
-799030433,17
1455888650,17
-858880223,17
-2030868146,17
2061448618,17
-1866944177,17
-1742904647,17
1209311744,17
1138876511,17
-73811365,17
253571210,17
181447792,17
-761089685,17
999778572,17
-424989242,17
-519496746,17
252436590,17
1939263493,17
1043120703,16
-1751748538,16
-1556727546,16
-2123984011,16
-582668024,16
1961561104,16
385217734,16
864182029,16
1374671839,16
45763049,16
-1618307092,16
336018167,16
1680687219,16
951105455,16
307174317,16
-1586252212,16
-643629864,16
-47385163,16
-1002906612,16
-763678527,16
-1915261985,16
-1807667429,16
436129316,16
456113295,16
-1568199934,16
-2102628968,16
1497712373,16
-2087165611,16
-1450045828,16
1206133844,16
-1683053221,16
-415888018,16
-159829521,16
546008521,16
1736423155,16
-1622293468,16
-178980723,16
714639192,16
-1896901618,16
1957144533,16
-686866091,16
313628479,16
697276239,16
1744684299,16
-1700179212,15
-1372924488,15
1040653280,15
-2000706500,15
547945090,15
1539000613,15
-194020002,15
-2038772931,15
1470789174,15
-666026285,15
596220985,15
978919116,15
-2038340183,15
-805392977,15
700693055,15
529531870,15
-1862223635,15
1762262787,15
-1952017765,15
-1698298739,15
1698962029,15
-806015016,15
693157732,15
832007709,15
410653904,15
763105880,15
1439318294,15
-1600935075,15
264363523,15
-92312452,15
1846953405,15
797531881,15
1560945302,15
812937542,15
-849745761,15
1248680512,15
1445854696,15
31188718,15
957237272,15
40301865,15
-1923997647,15
1180317751,15
-2108906852,15
-2033444623,15
-412197648,15
-382538855,15
1204181654,15
-1446163380,15
2111563634,15
-268444809,15
-1719938586,15
640530870,15
-921225836,15
389980583,15
-529874856,15
-1508671070,15
816672808,15
1021036773,15
-319978929,15
-1223574898,15
-1218240658,15
-754637377,15
-1075257824,15
652180399,15
771010705,14
-759728209,14
-1464498135,14
496970967,14
-1344345412,14
-138157263,14
1076064242,14
-743834114,14
1626908327,14
-1871466312,14
-1969381668,14
1511113533,14
-457618804,14
-971404944,14
-1270938500,14
-1294300468,14
958123700,14
611095909,14
2116985262,14
545833700,14
-1929170873,14
-1633826898,14
1063958404,14
-1222271214,14
-1895529782,14
-809099340,14
-799115390,14
1445659186,14
-1728142731,14
-1547846771,14
-700475904,14
-663690907,14
682409015,14
593568566,14
1461997977,14
-1428997728,14
-1626442409,14
2056954574,14
-201394683,14
101593537,14
-990597666,14
710204385,14
-419628353,14
1733315034,14
267400844,14
262796719,14
1153346352,14
-559227966,14
-899309084,14
263576067,14
-1729085105,14
-821012300,14
-1647343766,14
-621016305,14
387175444,14
-1630444530,13
-337012267,13
-1722124433,13
1351018668,13
237920937,13
529063492,13
683422894,13
1902093030,13
-242267306,13
-1727554192,13
-1032680826,13
-1853517873,13
467617904,13
-1193316373,13
-1397226265,13
-2071270536,13
315888304,13
-1873953133,13
2005964947,13
2108928531,13
1570155206,13
-741652045,13
1350607267,13
-1105799529,13
270478416,13
-1824864447,13
-1822360074,13
-1316960405,13
-2038895281,13
-2047135375,13
-2128059170,13
309128320,13
1563337431,13
1062564717,13
-109356289,13
191392771,13
-1636507801,13
-1398203373,13
568065904,13
116967853,13
-1436098598,13
-1583518512,13
-2031450519,13
-1737325924,13
-1994367769,13
1641400202,13
-168863048,13
-751838471,13
-489031148,13
736393822,13
-1176811634,13
428903273,13
-1645952193,13
222402119,13
-313948181,13
156363394,13
-52406093,13
-510379856,13
1343780711,13
-2100490347,13
-596996662,13
1247971002,13
-1890763253,13
466898359,13
1314950750,13
-65450561,13
589248751,13
-1756998068,13
-457231662,13
119608659,13
1403090434,13
1605639006,13
-647533342,13
1308336560,13
978248775,13
-2140376310,13
-532481428,13
1785226546,13
-1435876647,12
1700090833,12
-1864622325,12
1419146439,12
-2066779634,12
1219399677,12
1550441484,12
1414289622,12
2111137672,12
-1650535613,12
959183145,12
-133044451,12
435355883,12
792679446,12
-750310089,12
-67853010,12
209236487,12
-933713333,12
1878357058,12
-1447274456,12
-1172226683,12
875747382,12
-1453652791,12
612485701,12
-2057265696,12
-13630621,12
345072413,12
-1224917937,12
-173676043,12
-1063050466,12
-852040789,12
-1094591551,12
1382683528,12
8350952,12
-1186407492,12
1339198573,12
1753375498,12
-529192425,12
845447762,12
-517764594,12
-1096838294,12
352209233,12
-1822597030,12
-954732094,12
1930258369,12
1765497126,12
1981067006,12
-80453040,12
1327037388,12
-189045538,12
-703090709,12
-140947884,12
-341101208,12
-1733602564,12
-2033399230,12
-390886515,12
29235047,12
-401711208,12
-345468024,12
2053589590,12
-296553433,12
-772017108,12
13267014,12
-1158816690,12
-1868943588,12
2070585817,12
211488952,11
-302178783,11
-1424869015,11
2116515654,11
-492894660,11
-1514395335,11
319859347,11
579174233,11
502688687,11
2042275787,11
-1531837934,11
-2061895902,11
1326505513,11
1934739371,11
140473151,11
-655094546,11
-229818396,11
797475349,11
130326132,11
-382480282,11
1169843066,11
-1677774922,11
2054735001,11
1637666741,11
1805584737,11
1690204323,11
1915057682,11
981073641,11
-49634657,11
1756099718,11
-1110966529,11
775636980,11
1443665686,11
1980043404,11
-590335508,11
1849625138,11
1887199128,11
1802907273,11
-1752294233,11
-908260410,11
95003859,11
-1387228135,11
-1974582056,11
-1684198942,11
-487767693,11
-1465230869,11
602065234,11
-153172639,11
-777929205,11
2026724652,11
-619800431,11
967301371,11
1685620623,11
-1625709848,11
-475523587,11
688806803,11
-802760508,11
-2079537564,11
1645601779,11
-1994535628,11
1553332870,11
2131585557,11
-1697474929,11
-1413947792,11
985552368,11
-2022665269,11
391351104,11
894873605,11
1922098664,11
358845621,11
-659852969,11
247838520,11
988796771,11
-1275092332,11
-785107576,11
-615473880,11
1318715099,11
-946680705,11
-1974910139,11
-1124356258,11
896874006,11
370598958,11
417779023,11
-1814542102,11
-256334060,11
653416963,11
1957145372,11
1217995498,11
653567114,11
1185637806,11
-128168870,11
82726804,10
-63175112,10
-50624759,10
347049939,10
3095942,10
439376707,10
341194605,10
-1494331969,10
1383998504,10
-798701883,10
-1905176468,10
-1053956543,10
-850617499,10
19544772,10
1067836803,10
1640595073,10
-488343390,10
1194699779,10
552403579,10
1433732674,10
412745577,10
988338629,10
333018822,10
-1723348292,10
-781317074,10
-1270054766,10
-512785144,10
926514707,10
-1613524183,10
-354593877,10
-381185459,10
-1354341463,10
-1327610093,10
1037437280,10
-1874761824,10
1585776898,10
-1189198211,10
1737227674,10
521551745,10
2005004467,10
-1071482915,10
-673873693,10
-390933380,10
-1411116756,10
-920028944,10
860626512,10
-806647973,10
-1219043960,10
-1405532649,10
-2091973885,10
496124554,10
-1447077597,10
1491433673,10
-898863487,10
570095327,10
-1768474776,10
1096086068,10
1337594256,10
686573050,10
35901120,10
-1149401289,10
957719047,10
415240412,10
-174937202,10
-158530556,10
721757150,10
-497943816,10
-1401492940,10
-358234951,10
-2138252028,10
1876433430,10
-1908027698,10
-1716290234,10
-84306943,10
540378221,10
857325437,10
1718519700,10
2078932811,10
-626415168,10
600122227,10
-1430248890,10
709737212,10
-1283618639,10
397274776,10
464321653,10
-1442425937,10
-611626736,10
469097693,10
-462546372,10
1913058947,10
-693820092,10
25522215,10
217164469,10
446503129,10
-1931119341,10
-1784406797,10
552817751,10
-155742573,10
1886875542,10
1869088078,10
-872115052,10
1023208015,10
765333653,9
1931810062,9
-136564792,9
1096052682,9
-378250471,9
-197120327,9
117478360,9
-1591922864,9
289039256,9
-1184321766,9
-1431630708,9
790681554,9
-151267588,9
-1748787901,9
1828607666,9
439537400,9
-927956533,9
139116459,9
1963727062,9
-512679725,9
1372751367,9
-416884079,9
-3051092,9
1361124819,9
1779326811,9
-1816894763,9
1450805348,9
1414650611,9
1366706831,9
-1649642845,9
872112691,9
-2062781199,9
-1431808681,9
180410587,9
39188815,9
-1386510094,9
-950909746,9
-880152456,9
515109623,9
272502927,9
-1037562342,9
88661727,9
-144562437,9
-37028694,9
1293462475,9
-591065931,9
146806597,9
1164526381,9
613100542,9
-1627571425,9
-640658411,9
-1131757033,9
1874237387,9
-1448166425,9
1609016117,9
826949878,9
8339437,9
1069284552,9
1947901633,9
332897298,9
-522674924,9
1963129365,9
-1494616693,9
-1041387962,9
999883146,9
1242115372,9
1454685704,9
1181830074,9
185100500,9
-193399469,9
-413578844,9
-1943406000,9
-232243179,9
1230416551,9
-923746364,9
1444174988,9
-60664638,9
-1730162342,9
1766793058,9
1466258462,9
1313846067,9
-1613088238,9
-1474200879,9
-874414312,9
272509997,9
145722427,9
-1234018566,9
923602475,9
1254820440,9
1277424877,9
-658669126,9
-1902286166,9
1234338066,9
-1780230545,9
755343667,9
1732107053,9
1500878778,9
-409252028,9
726925654,9
-322949657,9
203412047,9
798878645,9
-1360115306,9
-1327912740,9
-1415913824,9
-202570033,9
-1122708404,9
738878130,9
1120212579,9
997577772,9
637461216,9
-1741624498,9
-1630660375,9
664768943,9
-1592523807,9
-1373507238,9
2103898023,9
40649364,9
-1764072753,9
1500665670,8
1680034063,8
-970472537,8
-1890513540,8
731399227,8
-2115142407,8
326195001,8
1040175285,8
-1912827943,8
-996840649,8
2009176729,8
-204638247,8
981903597,8
1766419995,8
1065007370,8
-653138086,8
514490912,8
2132367093,8
-2010904956,8
-1729055972,8
-690267231,8
-1500660835,8
1084893449,8
576044675,8
-1740619537,8
1974437208,8
-2010285224,8
-1441531156,8
912461596,8
-176996776,8
-611531774,8
-1380064318,8
-2017816315,8
-1288443679,8
1584537837,8
-575054597,8
-442521911,8
-1078531125,8
-581516852,8
1582392758,8
206790783,8
-877076585,8
-1377936601,8
-906723198,8
1661604802,8
1673714305,8
-1193610586,8
1775838035,8
1988808122,8
1969691795,8
1911098804,8
1881587400,8
-1527145435,8
179998986,8
-1975234564,8
-1110944456,8
2064562507,8
-653359723,8
682355662,8
291573158,8
1887961716,8
-1998527664,8
-1086184819,8
84779704,8
-541172068,8
-1136643061,8
222504936,8
-1200379338,8
-2129811250,8
-1669026550,8
-1771332896,8
1781466784,8
-1588634534,8
2126124710,8
-2088829398,8
-1743654204,8
-701931224,8
52671518,8
-256023790,8
-672699574,8
-743355485,8
-388009595,8
1405991008,8
713815158,8
1918649844,8
-918793144,8
-1599643694,8
-1737688757,8
-1498490942,8
-841682446,8
-1564961837,8
-2054465968,8
-368857820,8
470331010,8
764481558,8
1941831732,8
1315624814,8
1559279368,8
1584391741,8
1864356825,8
679285726,8
-598941642,8
1897555604,8
905326250,8
1996599600,8
-154574005,8
-81441303,8
65954628,8
-1583915935,8
-907229946,8
297502584,8
-1988921316,8
446221507,8
-1172620713,8
1895720519,8
80819789,8
1495359628,8
205032830,8
-1119630956,8
677932295,8
171409249,8
-1627660276,8
104388283,8
171368856,8
-931003835,8
1668899529,8
1095434024,8
-1889257329,8
1877970659,8
796889487,8
-2005506927,8
1765603921,8
-1085895170,8
2046433737,8
-40096106,8
288115848,8
-2127894082,8
1361039410,8
183457732,8
-1709834920,8
89787857,8
-1014353224,8
247803108,8
-1584738754,8
1033489883,8
1170374344,7
1196398216,7
1276291778,7
955976403,7
1632899526,7
-2031028816,7
1024320975,7
1367900313,7
-1562955403,7
568543809,7
-130622887,7
919130373,7
1748394885,7
-1268345487,7
-461491531,7
980506711,7
744491767,7
-1911006308,7
1219221401,7
171619256,7
1832493807,7
-1003270589,7
-164102739,7
-136829188,7
-2125537436,7
712308095,7
2026480136,7
741962596,7
-1801203492,7
762238242,7
-1562561006,7
-1766426289,7
-1488944752,7
-395017630,7
1306408612,7
-40168504,7
120762351,7
-262969098,7
1281573920,7
-1227891576,7
1877304259,7
-166900648,7
1775321271,7
-434206398,7
-1801561932,7
279187698,7
1342696019,7
1479488694,7
-1594184340,7
-687422280,7
-1372425895,7
2002457179,7
-1853369998,7
-1102501191,7
365096047,7
-1542546144,7
1201353783,7
-74728758,7
-431602172,7
1164739774,7
-203721838,7
1794427925,7
955424845,7
1812899249,7
-1054967576,7
-336880213,7
110254802,7
-472441242,7
284990508,7
1454704785,7
-1835004379,7
1793147211,7
-40129559,7
496445240,7
-778825939,7
-442700310,7
1112759343,7
-88087455,7
-1329929651,7
1787278379,7
-1103162348,7
-390998742,7
-1526379878,7
1526938906,7
-402656829,7
-165758956,7
306744535,7
-324337766,7
1299305447,7
-1977791979,7
-1277617496,7
18648745,7
-366794045,7
474626657,7
900297090,7
1871792582,7
987335414,7
-439652392,7
263358836,7
1726538769,7
1962518321,7
-1149353296,7
172326462,7
-1148841349,7
-2046577150,7
724935808,7
1523838040,7
-1479378722,7
-205360281,7
-1862127322,7
-2035734225,7
-537260151,7
-443792036,7
-1085226369,7
-1728195621,7
370316458,7
-783335139,7
-1009308706,7
1534741059,7
-1063580699,7
-1446661122,7
-589639281,7
1762099715,7
-1186267267,7
-1076696571,7
-867707216,7
-66228690,7
1657691381,7
1108627653,7
1747321569,7
1461932849,7
-1799511228,7
-1102660194,7
-343382989,7
353492608,7
-1811612307,7
989652869,7
-1861250468,7
-1163444958,7
1273251556,7
-164879586,7
1990067505,7
-1788410723,7
-1645415961,7
1291032742,7
1629957851,7
-461802280,7
-759477943,7
1272168045,7
-2047024577,7
-1655846766,7
1702539913,7
714588778,7
1383911448,7
1103689250,7
-1208297195,7
1238513103,7
-1165546337,7
519765910,7
367043354,7
1555577717,7
1466734450,7
-61384530,7
-797425248,7
909770628,7
-1832081327,7
686817584,7
-1670246338,7
-1999745093,7
-1308570081,7
485999230,7
-920388418,7
1690793905,7
1081878152,7
876349035,7
-1958819600,7
169536028,7
611894491,6
-23051376,6
1593439263,6
541549240,6
-269640962,6
-13233345,6
587064855,6
-1795876573,6
-1392572685,6
2027231673,6
1986366131,6
46666499,6
410846375,6
1161234649,6
1343853017,6
-1369611991,6
-1482209799,6
1225473788,6
-1442426422,6
1241020097,6
-824492354,6
-7313642,6
-311382404,6
-63202035,6
-1032829382,6
224096658,6
937999230,6
-219089714,6
-1486961788,6
1201728636,6
-113458942,6
474072134,6
-1016826417,6
160955768,6
-960874412,6
-1990787791,6
1565499795,6
1546325261,6
1653747388,6
-694848067,6
-472227470,6
-396284077,6
-1645726758,6
-132651286,6
960552585,6
-188209584,6
-401614093,6
-960745855,6
153428490,6
-1605537077,6
382352084,6
-1446159476,6
1649029176,6
959477844,6
1955602258,6
1562648549,6
333129751,6
-1765588565,6
-34734956,6
895812385,6
1226920988,6
-860575483,6
189908484,6
821600449,6
1334524826,6
1994526904,6
62179327,6
-507696913,6
-1254369268,6
-518753194,6
1699409431,6
587905205,6
1989585286,6
-207649095,6
-2131357005,6
-2041527136,6
-1621459427,6
201087117,6
1661199289,6
336104065,6
-1822470093,6
-695564499,6
-1120205959,6
1018750256,6
1086902358,6
-318391033,6
-2007876878,6
1923119478,6
1282550582,6
-1696041997,6
684105063,6
770346997,6
629392051,6
-1006576180,6
-831857497,6
1840239276,6
-41420476,6
-1772571123,6
-576644183,6
1279498215,6
-1663763030,6
-1729700381,6
-1821894250,6
-1170042444,6
2143799,6
-1706166908,6
2080800304,6
-2055644998,6
-1404555860,6
-1772948676,6
-1416694233,6
296078543,6
1838122027,6
9707013,6
-184926009,6
1902845669,6
197124953,6
-78888772,6
357001381,6
-44120260,6
266901183,6
-1655470722,6
1263583330,6
56574737,6
-1972936776,6
759259814,6
832021959,6
1171066669,6
-1313532166,6
-1282632391,6
-1544775313,6
1072169675,6
-773306525,6
645298589,6
1300725660,6
-1602975638,6
-1432579871,6
-1633882126,6
1318124244,6
894370184,6
-1543876222,6
-1679792793,6
-117987797,6
-1362654193,6
-1005102549,6
701320521,6
-1573375054,6
1474430104,6
119873260,6
-1724247995,6
-1962548410,6
-112146751,6
-1575876985,6
31542765,6
256530965,6
3804227,6
1403121186,6
-797921939,6
1952630835,6
1476399449,6
-1139892726,6
1238183708,6
-617613791,6
1614603950,6
172659003,6
958577938,6
2132453261,6
-807765061,6
1799618748,6
-15999274,6
763206500,6
1508802964,6
-890664017,6
1975433580,6
1079741695,6
-1941052462,6
1840930130,6
605793612,6
781265772,6
-1542056634,6
-1152678810,6
2079451554,6
-900411398,6
-1299355462,6
1589035472,6
2077312365,6
1422083586,6
544838421,6
-1888378052,6
1179413205,5
1708514416,5
-144496924,5
1662967058,5
1052563984,5
703996629,5
592914841,5
-1904933697,5
-440760551,5
-2134479777,5
-294004059,5
842685433,5
1300023003,5
2105520731,5
703012875,5
960889977,5
-759813027,5
1023906543,5
-1733595861,5
338945771,5
1416527353,5
863423148,5
-1673194646,5
1104191647,5
-1328976297,5
-1527125982,5
-608490030,5
1040460456,5
-2006137241,5
1634870308,5
-1116042389,5
1242495030,5
-299381677,5
1039134716,5
824311688,5
642787553,5
-1337673600,5
237869632,5
1372943158,5
-1961846345,5
846029837,5
-1295066923,5
-1351576919,5
1736069171,5
458998697,5
152788764,5
1458682457,5
-47758098,5
750589269,5
-1068738753,5
285383879,5
-1737878422,5
1813011824,5
1867610773,5
415002917,5
-1049208794,5
-1781587383,5
327256604,5
744570893,5
1677758480,5
-174886043,5
903592538,5
-851315809,5
665434157,5
-1392638773,5
-1363629131,5
-1722111723,5
-826118088,5
-415654791,5
-780607003,5
1024799809,5
-984230210,5
472682990,5
1671029435,5
-1073413650,5
-1049569702,5
-1144826962,5
-1239410254,5
-976217453,5
336437239,5
1525963633,5
381887361,5
1689625952,5
1663494778,5
982714699,5
-1996254796,5
-1688650737,5
-1188221262,5
-1142223136,5
1521730117,5
-1458898131,5
-500486560,5
716686946,5
1126960644,5
-725912713,5
1880985686,5
1589556189,5
793271727,5
-661395415,5
1315108738,5
-42385360,5
1204473588,5
-1199174044,5
-1534707869,5
-1378024342,5
-1628170546,5
1032135677,5
694455944,5
-497904751,5
-1178345200,5
-1126075538,5
439252811,5
-858553628,5
268026948,5
1248129256,5
1487442009,5
-1586899293,5
1723655934,5
-971529840,5
-1138778329,5
-1400766758,5
-1968391504,5
-918317825,5
-1424571898,5
-1846391718,5
-1624576023,5
-1725030952,5
716152855,5
-569356937,5
-1168194567,5
-132920364,5
-1873805429,5
-1140809243,5
568476005,5
1434606941,5
1759848243,5
1006804855,5
-1315233336,5
1658890432,5
-1540260075,5
2135579763,5
44406827,5
1929730799,5
804400432,5
-54683984,5
-1240091069,5
-570275252,5
501698081,5
-1753357770,5
-1730814178,5
-1491430436,5
-181151982,5
-1746361831,5
774406200,5
-1148127274,5
-906162848,5
-680836346,5
-750948133,5
-1310528764,5
232027738,5
-842144439,5
1326598741,5
147388492,5
1254315377,5
1235433428,5
-1309377949,5
548482516,5
-751938280,5
-1051663756,5
-2126302753,5
206541805,5
-1102304936,5
-1412252213,5
658244652,5
1454177097,5
738616141,5
-1584273830,5
872955007,5
1475072360,5
330570757,5
-450203159,5
-1133736369,5
-547147529,5
-1980067310,5
-752470862,5
-1116576939,5
-1495646777,5
1142135536,5
527233563,5
-2101100457,5
553504465,5
898547823,5
1213348466,5
1073033409,5
855147734,5
-1936850375,5
-1031282041,5
-866416492,5
-832232078,5
775241571,5
2128131907,5
1700050148,5
-653666762,5
1437285589,5
647051476,5
-1705512378,5
-1157282507,5
1557389173,5
-189087228,5
1198157259,5
345723758,5
-1082947848,5
1742080485,5
1235116566,5
185304154,5
-673788956,4
1728653413,4
-1325174842,4
-1244009691,4
-1713669303,4
-1879379559,4
-1844541566,4
240522300,4
-550089797,4
2100421031,4
-1838855162,4
-1992097287,4
-1955558151,4
198669281,4
-204887577,4
-236827719,4
301403303,4
1593945867,4
-449877831,4
882417785,4
-1150134581,4
762003929,4
-381322381,4
1246550553,4
424504633,4
-646204725,4
-1955715367,4
-276375250,4
177915046,4
-76918134,4
680707893,4
1912467245,4
-1788033505,4
851565001,4
160053550,4
-461407840,4
-797254928,4
-1314474594,4
-1373695470,4
705086396,4
-242242754,4
-1398380970,4
-734747682,4
45313538,4
2138838727,4
171621795,4
-528981161,4
-1541928487,4
1276713615,4
-630643814,4
863863083,4
457089457,4
1736626115,4
-1486986233,4
-88094052,4
-2113800416,4
2048874013,4
-792867175,4
-1750332140,4
-935574860,4
-1417782347,4
-1222441532,4
-1930581188,4
1179715060,4
817096224,4
1487708261,4
90032544,4
189513063,4
773005361,4
1685480566,4
-196026263,4
521411492,4
-2122594239,4
299660494,4
-552195971,4
1569050830,4
1562026637,4
-418676718,4
698980589,4
95272061,4
1614340862,4
-808961627,4
-1778747971,4
1233509384,4
-623545478,4
-1364859917,4
-573452403,4
-1159440331,4
1627895057,4
1096570491,4
-79591291,4
-880451069,4
-1633627298,4
-66715464,4
2124927020,4
557727728,4
643669575,4
310524118,4
-1512407195,4
-408024214,4
-737576895,4
-1236164284,4
1471417432,4
199522420,4
960047427,4
-1696382640,4
-1170855789,4
-844777148,4
-938250998,4
1441016263,4
-1774922437,4
-804846132,4
1003217127,4
302329456,4
-867226398,4
481842061,4
-397654773,4
-39831854,4
515668959,4
-1066645542,4
294038916,4
2117109943,4
1010863420,4
485620015,4
1994755145,4
-383077189,4
314174575,4
-1191471930,4
-1360616622,4
11513449,4
-38694671,4
-1035856979,4
-1930279861,4
-1809654014,4
-1327456034,4
-1514750601,4
-94254495,4
1520104604,4
1504208762,4
-301014773,4
-1437444798,4
639193227,4
488444776,4
-559982359,4
1062334964,4
-880819157,4
1552628537,4
-1270657215,4
745526267,4
781422930,4
-1329237844,4
1838367917,4
154295047,4
-1730732781,4
-565472124,4
1048783888,4
-19719741,4
-226970899,4
1267054743,4
-1390583122,4
516892307,4
1370303293,4
1569774914,4
-2143090405,4
285246446,4
-1104006273,4
1918660893,4
-2024785744,4
-2090852718,4
1678411760,4
2142183852,4
1097308830,4
677279936,4
-467952544,4
149487137,4
-507828450,4
1145866489,4
-1552032357,4
-1620833811,4
-2008380190,4
1143870207,4
1360253522,4
1756642025,4
-1782240159,4
857060626,4
-1885932416,4
1962791961,4
-23949105,4
-424557847,4
-1999303342,4
1425817494,4
-442145938,4
-169811338,4
1042295200,4
809381697,4
-329203245,4
-67507527,4
1298532235,4
-92710594,4
488396805,4
-1607359764,4
-1289665616,4
92870624,4
-542606371,4
-1641345632,4
883289787,4
-622645303,4
-1817312955,4
-1540780355,4
1390716826,4
-1067950197,4
1081555107,4
110055041,4
-1364945569,4
-1962908696,4
77792658,4
-1678368026,4
37388387,4
192249298,4
-799293924,4
1305117704,4
-978286521,4
158866944,4
1476965782,4
-2073976535,4
-2081798278,4
1129898427,4
-238391315,4
1596710749,4
-1224641172,4
-1749919463,4
303118491,4
674294267,4
-415842727,4
-1996458999,4
2008253749,4
-1727299907,4
586660983,4
1357204604,4
-602489518,4
2084682243,4
-823029151,4
1469522676,4
-2111266832,4
1878303882,4
1160771201,4
257773697,4
-1901474139,4
-1015905120,4
263430394,4
304027673,4
997479987,4
-386817458,4
-394293395,4
-1144572510,4
-141293097,4
770524575,4
1015276429,4
-1017829814,4
-739376686,4
-511962867,4
1148904398,4
-526015822,4
2120235567,4
-644485357,4
-1436521678,4
275529675,4
-293369994,4
-1302023549,4
956235569,4
6110832,4
-942383370,4
1173907918,3
1376069136,3
1350770481,3
448459567,3
-76826379,3
-105189930,3
-893772634,3
2055633111,3
-415430255,3
1822434011,3
-746637978,3
521095099,3
26676027,3
-1094780179,3
810076464,3
1371573433,3
1855106965,3
-548208203,3
-632318723,3
-1186667421,3
-1438683527,3
1577881209,3
-457220583,3
-1790412295,3
2112853497,3
-493847879,3
637745713,3
275547737,3
-1135846447,3
-1415658317,3
-1885607631,3
14365401,3
1501821301,3
-11980583,3
291452807,3
1399714843,3
25671923,3
1861379041,3
607937249,3
599009573,3
141913279,3
-2056757933,3
-886992635,3
-467390279,3
261051577,3
-2069248813,3
-811239495,3
-429960807,3
2129561063,3
16804562,3
-1538091951,3
622938024,3
1417726585,3
-2090642590,3
1981760775,3
459709617,3
1159672862,3
2127819203,3
706024542,3
-383635032,3
-956705995,3
375367162,3
-930569129,3
504539714,3
2136207635,3
-269997300,3
1714847466,3
640984833,3
-1566425732,3
-1221349922,3
333106458,3
1779863882,3
-2020863395,3
-968466160,3
853664653,3
-481859847,3
1380746972,3
1183036279,3
100506275,3
-1859062187,3
-312053844,3
-1157860263,3
1719296879,3
-1905519749,3
-897526467,3
1429992309,3
1215466152,3
-1258231948,3
224929892,3
-865239223,3
-207950461,3
-201411467,3
-1963174853,3
1962125217,3
2009444807,3
1591403184,3
308357352,3
435872150,3
-959548619,3
-1974029532,3
-1944731350,3
-575523077,3
248654973,3
1795366281,3
1543377979,3
-340777532,3
1762696606,3
-1323638343,3
1766085037,3
-39525133,3
-1521104310,3
-35281529,3
1304887685,3
-1508808893,3
-1972425822,3
-1017287537,3
2123139026,3
-268685558,3
1200413868,3
1024910277,3
-2069634857,3
-1579059211,3
697001875,3
-897277728,3
-156412988,3
2123074193,3
-1201436756,3
-606168039,3
-543392329,3
-744401806,3
1731988943,3
-973380363,3
-1062319438,3
592980282,3
47851524,3
1095543629,3
805894515,3
637148851,3
-576343628,3
-1415857632,3
-696068711,3
-2063105874,3
-1246177027,3
-595882242,3
-824411109,3
647153018,3
-676344669,3
-1534615163,3
-9349697,3
1680109559,3
903860282,3
-1774981164,3
-438137658,3
859375064,3
-89302021,3
1544557913,3
-1448146530,3
-1508518364,3
-1982534951,3
-1485347164,3
500601277,3
727281085,3
1504406251,3
-668488637,3
320628254,3
1227356030,3
-1431459970,3
452702369,3
-2070902209,3
-206445645,3
-1448132001,3
1341429231,3
1558461571,3
-1405014241,3
1092533553,3
179922742,3
1234688489,3
1729692918,3
1961243784,3
1524013969,3
2027991913,3
1732222817,3
-2105732034,3
-620372683,3
600247305,3
1309703080,3
-1745564106,3
-879830656,3
845680032,3
-1033334692,3
1813841917,3
1791275885,3
1431848424,3
347534860,3
105775908,3
-287106774,3
271309839,3
-9021542,3
-43838578,3
1034697833,3
-1827639703,3
-1389225464,3
-1323494509,3
991685706,3
-998653787,3
-252870296,3
56287098,3
-976886972,3
-217273308,3
-423989114,3
-34794831,3
-422781724,3
1637859192,3
-1429461527,3
-1388627072,3
-562227389,3
-676481445,3
-529177409,3
562190719,3
1711124970,3
-713344379,3
-1303107811,3
195451730,3
1444601403,3
1973065638,3
-2040001248,3
-368955180,3
1244408789,3
2007598411,3
-2057574430,3
427336272,3
-940526798,3
1978596403,3
-1125538598,3
-742090648,3
1851228543,3
1854522966,3
-63326041,3
1142668443,3
-1517573837,3
1228799126,3
290264987,3
-1145445206,3
-32791088,3
-851600821,3
-2081122877,3
1936693584,3
458670534,3
2029674398,3
-1361957346,3
1124498510,3
-1468988143,3
1600943295,3
-646348826,3
-2144603406,3
1186034950,3
631446982,3
1763243243,3
10889979,3
2048774543,3
66571758,3
-929616145,3
733912238,3
-480759741,3
253949413,3
-933860302,3
1117880566,3
510083782,3
588896680,3
1656621883,3
232763600,3
1168250895,3
231043142,3
-1127957496,3
161331520,3
-1102271534,3
-1416132748,3
1745483018,3
316581503,3
202618747,3
-1567232860,3
-654874490,3
-536880708,3
1882769454,3
-16341135,3
-1549774573,3
2056763727,3
-284939381,3
1404157590,3
-1458483025,3
-1284536879,3
-438983884,3
-2120962146,3
1482046701,3
-1807125879,3
1074949648,3
2095882054,3
-311816646,3
476267111,3
1868075517,3
1428085781,3
-1075723021,3
-1976023134,3
-1400014140,3
1219753236,3
-1023077540,3
1156995479,3
995602743,3
1659279119,3
1072557577,3
340227925,3
-1614742139,3
2091882386,3
-1384071385,3
263260555,3
-145976706,3
1372203888,3
95812412,3
-98001073,3
1869597142,3
593967922,3
1242749375,3
-1434078651,3
44564794,3
-1853027055,3
-851817118,3
1163443093,3
177093802,3
1296725662,3
1277669410,3
-144551420,3
1455067192,3
1471273496,3
-202704209,3
1560405516,3
-975842623,3
-1550142763,3
-1934913701,3
-1337835459,3
381050329,3
1209871599,3
-1995387619,3
-1579769955,3
1126556292,3
-789785432,3
-1233615496,3
816893515,3
695146873,3
1197906443,3
-767520925,3
196583228,3
2019519214,3
-95731385,3
-357073720,3
792072961,3
425223091,3
-1849237370,3
1578514775,3
-1469940812,3
1664015002,3
517512853,3
2134762621,3
1536672159,3
-1226974596,3
1038276442,3
-649917588,3
212317672,3
1579206336,3
-1489107478,3
-69422679,3
-910933389,3
219298153,3
-1361557365,3
413368093,3
696432368,3
-96204113,3
-82122327,3
-2028958684,3
1483823932,3
-232228202,2
996380885,2
-2073173946,2
-1094338175,2
-592165351,2
1289798195,2
551311967,2
1084413551,2
1595424056,2
-742442159,2
-1772651342,2
2088880453,2
-259120932,2
-913745972,2
858033258,2
-1198209297,2
1356078431,2
-1538588804,2
325922964,2
2003895064,2
-1692561921,2
881617695,2
-1875609477,2
291844751,2
31611117,2
2021968243,2
-353505645,2
210792697,2
-1441665647,2
-2082236111,2
-271233295,2
1892734087,2
-85490625,2
55000819,2
1038114769,2
-418539757,2
-1648149571,2
1881462713,2
109202695,2
-457174843,2
2103348029,2
-194969027,2
-520595687,2
589939065,2
-1204070463,2
-1378445553,2
-229020307,2
-686854183,2
1476649115,2
894859603,2
-861373039,2
-904922287,2
1908437657,2
2037255673,2
1097652787,2
-459916135,2
-115542849,2
1027756665,2
-1838861783,2
579624985,2
-1094873991,2
604267433,2
1075268035,2
-1610142321,2
1180047153,2
-1808163885,2
-1367190663,2
1251646585,2
895743923,2
-1922197103,2
-1065680327,2
-430573095,2
1482597617,2
-753706125,2
93472025,2
-2036308275,2
1426076951,2
1283818364,2
-1418983898,2
-705254098,2
2128649795,2
-649547272,2
1113644870,2
1874610455,2
-1919268205,2
-477067951,2
-1592838547,2
-1329929814,2
-1207422180,2
1885835250,2
-98053729,2
-1789759567,2
768252966,2
-1055388602,2
-1432625768,2
-1641612607,2
-668398722,2
-1651645756,2
-982127756,2
-1935609321,2
-242293306,2
1456283429,2
-1996370817,2
-348353369,2
-1935239830,2
521655484,2
1586809010,2
1330185260,2
-956711765,2
406706408,2
-956708882,2
-434448280,2
1440556644,2
1957644168,2
-1131558840,2
-1876847336,2
-1119506791,2
-1802780741,2
1928925096,2
-1894417266,2
1263266828,2
-2064583346,2
-1110172756,2
1252788258,2
624700250,2
-403963252,2
-176982721,2
-1721281396,2
-2013539760,2
-746715426,2
2100082340,2
-1038255880,2
297798688,2
-1779560568,2
-208189406,2
-339154941,2
-711546367,2
1250254131,2
-1914371154,2
-108420163,2
916077070,2
-551547639,2
1478100065,2
-1082521286,2
1784072947,2
-1034830579,2
989825116,2
413606829,2
1418748565,2
-2100402845,2
-1229052006,2
-968239996,2
1592552278,2
-1775842676,2
-1456456778,2
1430089396,2
-539719733,2
186397287,2
2139897599,2
652890980,2
1134267761,2
-1415162706,2
-581974618,2
-88640008,2
1387160577,2
2041184613,2
-859100494,2
-349851331,2
-454217594,2
2071284334,2
212055521,2
1852102821,2
-1143549501,2
481110448,2
161496615,2
-76315998,2
794097780,2
1122336306,2
-714530374,2
-103618278,2
600690718,2
930886028,2
-1001665601,2
-678387589,2
-1643841245,2
-1115886289,2
1135502876,2
-475401139,2
1489263195,2
1567088415,2
-150104802,2
481174689,2
-207473580,2
-540703150,2
-1284469525,2
-214939883,2
409858310,2
-516001111,2
86758636,2
420110761,2
-188898164,2
-1835512282,2
1758588748,2
-1774387423,2
2138871390,2
-1630599494,2
542908575,2
597415469,2
-1757286916,2
-924514757,2
-1987720480,2
407928641,2
305239806,2
-764730699,2
1606341570,2
-960951946,2
-27971439,2
631377508,2
2110238979,2
1428484060,2
-457670801,2
-43660092,2
-1713423036,2
-1779470571,2
-1036445818,2
-262224968,2
-731280459,2
-1151010814,2
-1691451339,2
1306024348,2
-1183339290,2
-50770199,2
-1709302176,2
1290692767,2
1297137389,2
-263217754,2
-2060530682,2
301767046,2
-125163696,2
1687217201,2
-388602788,2
1591119245,2
210708518,2
1894229457,2
-1503278408,2
-1275319273,2
1364862959,2
-2083137273,2
-185916238,2
1797254990,2
-326089384,2
884412389,2
-992062235,2
962963766,2
2109476852,2
205278765,2
-267857847,2
642933601,2
-451884579,2
1470825552,2
1716204484,2
-586330967,2
-1858693376,2
-1178158109,2
1028350885,2
1643782845,2
-2011589518,2
2083531038,2
-1468256188,2
-2124905808,2
-947216989,2
195312169,2
2068675931,2
-1562706049,2
-1447982998,2
284745876,2
-1921704102,2
445613246,2
45051843,2
-50749055,2
1174996893,2
1218321191,2
323435693,2
-524936875,2
-1553688737,2
-786255274,2
1022659937,2
1865274548,2
1783655000,2
1148061499,2
-654015941,2
52050899,2
-1552942512,2
-606944489,2
156232770,2
-987719403,2
970815565,2
1646939891,2
1617391472,2
-1268114258,2
1558505200,2
-1611252596,2
-933286958,2
190781664,2
-1950057637,2
-1202991629,2
764186002,2
-2112920242,2
38735119,2
-210405243,2
-551040074,2
-1049389267,2
-1217969273,2
-1882310838,2
-1593232484,2
-1622322199,2
-1393678968,2
1370049631,2
-1306932019,2
-1941042467,2
-1307096639,2
-1454326104,2
1793443393,2
-1671919152,2
-1669437807,2
1513850525,2
1212433431,2
-1079042936,2
1462964750,2
237105645,2
437681419,2
1141480303,2
538959711,2
-1057202942,2
-1980248950,2
-493845885,2
50901208,2
2105630755,2
-709777784,2
980645610,2
-32213836,2
2064068983,2
-2147035258,2
-1535894691,2
67511367,2
-1969299780,2
481966606,2
-886522863,2
638867535,2
-1107461843,2
1074779312,2
1976454316,2
-265763252,2
1706421929,2
-224589482,2
-2137166131,2
-1992376917,2
-1753077320,2
1140991523,2
980915862,2
1799114213,2
1593616791,2
2064203067,2
1427887976,2
1341735187,2
1052264792,2
-2060550721,2
2073527602,2
-1357042881,2
-702312469,2
-515641798,2
-118532079,2
-1641446429,2
463349600,2
97477248,2
464877808,2
-1536658857,2
1558043983,2
2109673525,2
1145902186,2
-457038361,2
-677984954,2
491416911,2
-2004410212,2
362609611,2
-596253183,2
1736511334,2
-1476349486,2
785281492,2
-770923812,2
-536744396,2
-184432939,2
1408148777,2
-512619220,2
-1883320538,2
-1888136797,2
1266320355,2
1500474504,2
943490322,2
-2099687576,2
-1428177891,2
542459740,2
731304602,2
1788663663,2
-1049131198,2
413486302,2
477720332,2
-1227372995,2
909505273,2
-33301240,2
-231065170,2
-1779659018,2
1873552212,2
-2044336718,2
957520605,2
1301442901,2
-1838404428,2
1892271065,2
794658987,2
-335962189,2
438468508,2
1327448141,2
398973125,2
1895395877,2
1045408084,2
-1260493920,2
1059729959,2
-388083526,2
-628807563,2
-218499947,2
351541899,2
1744104088,2
1409739841,2
2141560656,2
1725949024,2
-604218485,2
240806230,2
538105139,2
-325699585,2
-215725232,2
-1362716475,2
-1041657004,2
-1872783394,2
-1944376661,2
-836535168,2
377516478,2
-409601791,2
-1173766267,2
-179353814,2
1182443427,2
1933045540,2
1490218885,2
-267269326,2
-1888736969,2
-177441917,2
273013440,2
-863413183,2
-894668647,2
-170892776,2
-13683413,2
-1556065055,2
-1967780919,2
1933476663,2
1450569787,2
-556023241,2
-1878992332,2
1255476737,2
709048287,2
717154880,2
1685162304,2
-2012935845,2
-1862668603,2
-1003909381,2
-861732159,2
-1931696842,2
-1455296804,2
-1842739851,2
-1181613111,2
-1267865198,2
-795043879,2
-859475458,2
768920003,2
1186890408,2
731823737,2
1624474201,2
-354455669,2
-135271137,2
-1473644697,2
-1009507138,2
1889338281,2
1621054747,2
-2112733968,2
-50643223,2
-1762128877,2
-175408146,2
1801930159,2
-742203851,2
-639544833,2
570295603,2
1283729415,2
1613179556,2
-1884129910,2
-663879453,2
-1663579222,2
-1703412224,2
1839041824,2
-728321269,2
-1749892301,2
1683332049,2
2113264533,2
2097726318,2
-2126419492,2
1374882923,2
1117977280,2
389688955,2
148593311,2
11267588,2
-1594531124,2
1825002315,2
-1066811407,2
-1161863366,2
-1407369034,2
225651005,2
-1953155581,2
1091853516,2
835856159,2
1942005685,2
520319039,2
1267651985,2
1257998621,2
1058549954,2
1952045756,2
1468212124,2
1411965400,2
-1947883061,2
-1945002925,2
1478727600,2
-1200989958,2
-393668857,2
2001936934,2
-32716243,2
-607655455,2
-2134929559,2
-18331993,2
-265955734,2
-187258178,2
1167661065,2
501461009,2
-1102616821,2
1822076885,2
-698959033,2
1362191758,2
1077176804,2
1478363754,2
1532553273,2
-971723922,2
1529881025,2
-563067624,2
-13473382,2
-921461962,2
-1810998455,2
-1521542306,2
-665992955,2
-2072946492,2
-1606381791,2
-311005075,2
353238745,2
-1571849035,2
-1277029637,2
-1074264340,2
1768265701,2
327447864,2
-1420820029,2
1817221920,2
1737065713,2
533918197,2
1550228909,2
1458580390,2
-1989096715,2
-13211048,2
833045314,2
841893207,2
1926644616,2
2035638837,2
-1627817178,2
-1443591186,2
1749765332,2
-1185996520,2
1526077133,2
1838800667,2
1713538412,2
-20189253,2
-220692627,2
2109413358,2
855339625,2
629241816,2
758670532,2
978158471,2
995579501,2
-1581779025,2
1280479239,2
2111113774,2
441528451,2
1530795076,2
-1951470048,2
-1627048815,2
312911843,2
905699374,2
775200711,2
-432071944,2
1005367563,2
-419243557,2
494239121,2
340692625,2
-728310784,2
-776719848,2
639096357,2
1660432004,2
-1095388068,2
761450407,2
-1966687120,2
-27908566,2
-1897982544,2
1333351196,2
540631672,2
-1308863110,2
1957218529,2
-94029116,2
-122170414,2
-417785655,2
-2012176175,2
717740906,2
-1908850276,2
-2058990367,2
277012092,2
1399691574,2
-1108614078,2
124916446,2
1154630912,2
-1367464767,2
-2073030073,2
-1377051068,2
-953334420,1
-1251300970,1
-602232408,1
-237971083,1
1047307917,1
-1917937036,1
-159459494,1
-118728963,1
900976258,1
-2062684690,1
-1027087130,1
-1780360411,1
835369541,1
347363184,1
-852284555,1
-9930558,1
746501886,1
-465952817,1
-747082552,1
-1232103594,1
1910447471,1
-2012642719,1
-303104766,1
-1035487103,1
560657996,1
654122967,1
39792483,1
430036194,1
-168094324,1
403826479,1
1514634832,1
-1139795322,1
-1006090878,1
-961222030,1
1527810644,1
943273405,1
1922881248,1
-841759653,1
1952002899,1
-582651821,1
-1978670737,1
1330638627,1
1409587670,1
-616730314,1
-103998445,1
2065682202,1
530034185,1
472305404,1
306831659,1
-1023544421,1
-713746881,1
-458879785,1
-1675230347,1
-1229993773,1
-801091935,1
2066875891,1
755104657,1
-469675821,1
2077249081,1
-159301079,1
760932021,1
-1703551893,1
1909629833,1
-1828023727,1
-1675423245,1
-863382711,1
-1481515565,1
-1545173167,1
892735397,1
631462995,1
526468839,1
-663826157,1
538106065,1
690706547,1
781755503,1
3202131,1
-809310227,1
191344147,1
-1026311661,1
-1973346349,1
-1892843815,1
338610329,1
-576201833,1
664009591,1
1291980875,1
1587199627,1
-105453773,1
1022978143,1
254199991,1
980792517,1
555241337,1
-405037181,1
-1428781275,1
1649835459,1
-84031395,1
-1911892109,1
-253663335,1
1258871391,1
383031667,1
-756436183,1
399157075,1
-1762536315,1
398754207,1
664984045,1
-163206413,1
1211891097,1
1342160965,1
-465374423,1
-2377405,1
-176057429,1
-2118393711,1
-1965793229,1
549225081,1
-158726015,1
-1857010221,1
1667520249,1
-863971943,1
-1604683085,1
-2050354893,1
972273605,1
532434551,1
-191309131,1
-127865511,1
-8282535,1
-1114226829,1
-1484611613,1
-1259792255,1
-1348635597,1
-2018305447,1
-872043235,1
-487573583,1
-1934733665,1
-1635064745,1
556669817,1
29882987,1
-1528090333,1
-989129743,1
-58535533,1
1550863881,1
869078311,1
922934745,1
2054501861,1
174942035,1
-582935375,1
37239763,1
-78043,1
-1311849277,1
-1276815087,1
2047331755,1
196046791,1
1370714981,1
-2145659593,1
-331436719,1
-730183865,1
-1827975213,1
1118387089,1
-120062215,1
1469921779,1
-1068784593,1
-958654391,1
566761601,1
-762893285,1
-400888515,1
-881479437,1
-347931495,1
-1283105229,1
1006474067,1
-295964423,1
-830275523,1
-1488669993,1
-1443354259,1
437316729,1
-1629125741,1
1878779793,1
159786923,1
203761811,1
1404019889,1
-1247318253,1
-973292461,1
1706757843,1
-991602893,1
1137361427,1
693148553,1
-1021573725,1
1780298643,1
1467086649,1
-1861997,1
371115059,1
-1727951203,1
-605638859,1
919451343,1
-963720365,1
50651353,1
-1113792903,1
856705081,1
1241629459,1
724971577,1
194449457,1
-183229069,1
-1799080665,1
1634457047,1
-1501972996,1
-569500711,1
1935818033,1
323348305,1
1553784259,1
96965306,1
1079874398,1
-1742323977,1
1864597602,1
-1886551577,1
820256662,1
-605587686,1
1684442030,1
1551443868,1
861403374,1
1502871286,1
1491205905,1
-849132776,1
-24288272,1
584109633,1
-1047908270,1
-442820696,1
1203080982,1
2135558670,1
-1233427442,1
1385477909,1
2046425455,1
1537969589,1
629742173,1
-1373463648,1
-1970678103,1
-1928343075,1
361386325,1
-1513784764,1
1098543926,1
-709156860,1
1870840948,1
-1178232718,1
88411288,1
-1165442459,1
-4790080,1
1270244191,1
-2021897647,1
281244385,1
1790790072,1
-583364669,1
-341992250,1
-1836052122,1
-1191482411,1
-140062978,1
868914220,1
-393932816,1
661682662,1
406749032,1
991826966,1
1570347851,1
1612107145,1
-1938130922,1
1891085219,1
-444091763,1
-1738418298,1
788970019,1
1680496424,1
-1002201464,1
-1604909824,1
1949042560,1
-852333972,1
-623847733,1
1852167774,1
-1896049029,1
462568592,1
1284459226,1
-1381413126,1
1923189413,1
-964023205,1
1028906087,1
-1766364674,1
258019384,1
-798999725,1
1910577367,1
-1447058654,1
260665155,1
1859241633,1
-681195924,1
-1028921623,1
-72432804,1
-235483348,1
-746176348,1
-2077798923,1
1849950525,1
958349629,1
-1198591194,1
-2141752760,1
-2087746637,1
-1309970107,1
-707703381,1
49523864,1
-1231758508,1
-453417266,1
1200712223,1
-56409278,1
-125478299,1
-1272394447,1
38271465,1
-1732205077,1
926033463,1
1312401687,1
-578237729,1
1750690695,1
-1078169517,1
1330698009,1
-1675276568,1
436662348,1
-1365627438,1
-1199539191,1
-1962060843,1
-711764053,1
-89006947,1
-1442247307,1
-1891879076,1
1551066259,1
1851274666,1
728689856,1
650069079,1
-1454755313,1
-78416110,1
-1589913823,1
-1373004623,1
-650519871,1
1584280080,1
-561322578,1
-1264802624,1
-279755712,1
-2044534121,1
116236057,1
1052413484,1
-133908848,1
-1714547562,1
-2106833308,1
1405743521,1
1077145129,1
-166263159,1
-272540743,1
-1281953132,1
-183569783,1
1216506102,1
-430393768,1
530585365,1
-1491103687,1
478042414,1
2137800341,1
-1046131196,1
-447758662,1
-679632983,1
1891908658,1
1655904117,1
-299407722,1
-349341125,1
516441985,1
1764939177,1
1846105850,1
-1632683876,1
530830311,1
-170072201,1
1599615771,1
213833794,1
-525235573,1
718725077,1
-391441679,1
461854362,1
-383544598,1
-1346369158,1
-1553408567,1
464459260,1
-264180434,1
-63435620,1
1422850742,1
-1661820063,1
-562708338,1
1490517998,1
2025292186,1
955556916,1
-1153791018,1
-876976478,1
1201142912,1
-524952528,1
100812102,1
-641294608,1
-989135562,1
1427544094,1
49019112,1
184638651,1
1125624115,1
-2095568264,1
-503766929,1
1849351585,1
-1807337231,1
-610471902,1
442097697,1
-1911344870,1
1593670185,1
1334207518,1
-1209129869,1
1695030890,1
476747675,1
-676889960,1
-1173472873,1
-791162910,1
1076679486,1
1445553408,1
1458381705,1
-350211408,1
-721771660,1
-1976147713,1
1690035068,1
526198301,1
1440386058,1
-1013303988,1
-1558990,1
647251340,1
-614679006,1
694565438,1
-1108542544,1
1416792628,1
717965994,1
1545859975,1
899080179,1
419473687,1
276236312,1
-264090996,1
41771118,1
888170732,1
1087629778,1
2025246113,1
-932745284,1
398824791,1
-29378876,1
771108017,1
-1270953834,1
-1106127910,1
-341932659,1
319362318,1
-623966894,1
1342877491,1
-825025077,1
2095478709,1
-828428792,1
1017947483,1
782198162,1
1490122620,1
-928394520,1
560632011,1
138607405,1
-418463438,1
787058075,1
-897845946,1
-44860476,1
65393717,1
-510177278,1
1882813985,1
-137986386,1
-670562785,1
542867301,1
-1515335527,1
-161015104,1
-1153964450,1
-503459434,1
-1147782284,1
-705632004,1
-1901245812,1
1077586294,1
-1477910042,1
-95715495,1
1442946254,1
494771954,1
-738361510,1
-807515766,1
-946827377,1
1504246501,1
-1965376728,1
-1201356598,1
-1116797257,1
595776242,1
1904198418,1
-1158917726,1
-190551880,1
-1237774572,1
-1963327775,1
1919758441,1
114630254,1
1331644289,1
1974610811,1
-1328659133,1
-925147117,1
1203527964,1
1386061841,1
1009119489,1
-475671498,1
2113825633,1
429958490,1
1502068527,1
-500446600,1
2141253523,1
994025677,1
-78953873,1
482097335,1
889859469,1
-71482033,1
-1393722251,1
66801447,1
217703903,1
1611156483,1
-272904903,1
117820863,1
1521276486,1
-776027690,1
-597379922,1
1708589760,1
-1930227037,1
122983662,1
-1661134967,1
-121127257,1
-141843530,1
328979605,1
-445142311,1
2031586497,1
-813223658,1
1821119092,1
531476558,1
-517017740,1
-1170812335,1
1458767604,1
266720636,1
1297992646,1
1100683958,1
1523157050,1
1643802337,1
1356207985,1
-495034244,1
-881912900,1
-106730720,1
707376898,1
1650738189,1
2003954525,1
-265716100,1
-332722853,1
887780262,1
-1988771599,1
-49938935,1
-406382574,1
619768465,1
-864776657,1
-331334521,1
16925053,1
1194305122,1
-1697801246,1
1240737616,1
1576333295,1
-1253859220,1
1917494676,1
-134688092,1
-1858774789,1
1072456639,1
-1339729996,1
1497139379,1
-1273536834,1
-2070178031,1
-462103116,1
612558088,1
-223967010,1
2134359337,1
-2141965143,1
-183290402,1
-1493718042,1
-1546213086,1
417652007,1
821788505,1
250771949,1
1817586555,1
-144876213,1
885170260,1
1627755141,1
10984450,1
-1093438570,1
-982542186,1
-721227066,1
240323824,1
997662256,1
793689427,1
-107700892,1
-1810148468,1
982547773,1
-578406394,1
1318476023,1
2082262657,1
1230336102,1
-700197313,1
-1338951755,1
-1046559198,1
1215060033,1
563094325,1
-138199321,1
1796395751,1
-638908443,1
1335282288,1
-1932494941,1
-820241212,1
-1493177452,1
-1769922458,1
990940646,1
-1686819371,1
1091947786,1
-1173095278,1
-502266111,1
-895670644,1
1861712225,1
243953257,1
-1471527757,1
-1565317842,1
-1534531528,1
-1015941046,1
-1233753050,1
-2116889892,1
-644046065,1
-2105123764,1
-1884261971,1
-105727020,1
630253891,1
839095431,1
-1758071721,1
-1625338561,1
1014603673,1
-368739353,1
-313740294,1
1253777712,1
1727884078,1
1772459025,1
1082999830,1
-839406778,1
1101530939,1
-2030975271,1
-727537778,1
-1413730004,1
1290204901,1
1273040665,1
1091201827,1
1299831511,1
-1773580418,1
1485590441,1
-1034059595,1
1558888859,1
1207032862,1
344778908,1
-37530471,1
-893486545,1
2026803013,1
-207771178,1
1270589513,1
-683701673,1
292324873,1
941639501,1
1795200202,1
552016272,1
1563239460,1
-2007194895,1
-632161284,1
1378736003,1
-1435011588,1
-2085303609,1
-742743762,1
61020363,1
37794649,1
1469178424,1
-1978934055,1
-992683015,1
1887156031,1
-1654357017,1
-1600565510,1
1699002986,1
-2134159284,1
-1955156885,1
367955553,1
1004078578,1
-554575797,1
-454192354,1
923804850,1
-412743477,1
-621032111,1
-1524770127,1
-698804684,1
343499102,1
1369610169,1
907823464,1
-1119992250,1
-1610622272,1
-1581368998,1
1042745809,1
-1165215571,1
790593055,1
-19559938,1
-299601122,1
-962986541,1
-917950811,1
425232269,1
102961276,1
658686766,1
1432824199,1
906402075,1
461022086,1
-261675303,1
-1092430816,1
-2058639902,1
-254894515,1
-1747889002,1
-129736703,1
-1995009324,1
-456889885,1
-1023319710,1
-1006301937,1
-767444136,1
-30815731,1
625555267,1
-1870799559,1
-921632090,1
-1037587000,1
926598248,1
639512744,1
-1140565176,1
1016569190,1
-1813073502,1
-434092640,1
-577700021,1
-664246171,1
520176475,1
-779657618,1
-1939899312,1
1502685087,1
492272803,1
-1832056862,1
-181939332,1
501684253,1
1316592387,1
961959202,1
-492643906,1
2017666007,1
402576580,1
1838084710,1
-1914454869,1
363980814,1
-413214883,1
-845226984,1
126396393,1
1481862593,1
1774963100,1
-189600659,1
-275178961,1
-398937300,1
-689440794,1
-520266743,1
-866901,1
-1183578905,1
-1384967146,1
1487359081,1
12522775,1
-1259910467,1
-878415434,1
807821104,1
-753830801,1
-703895848,1
-222627077,1
-1635883241,1
-1128508442,1
-894245469,1
1259576023,1
1864479401,1
-1772835260,1
-1771113599,1
1206872033,1
717288303,1
1129319886,1
-676693540,1
1128403709,1
-1122662932,1
218066673,1
429596106,1
468457527,1
339713124,1
1312690062,1
-411214692,1
-1495946855,1
1871939009,1
2087174145,1
-83172391,1
-903852111,1
-2002537786,1
414277390,1
-1882713953,1
-858386057,1
1545335114,1
1866620171,1
581251929,1
841594638,1
-2106912251,1
749693756,1
2020953125,1
-2041106774,1
844525661,1
821486174,1
1022027317,1
389972865,1
676308371,1
-1729687957,1
1669257839,1
-678949049,1
-1849442103,1
-1862442358,1
-1704470424,1
1591440727,1
1365388841,1
1817797355,1
-346747593,1
-728695093,1
1310351868,1
1480750982,1
1328221676,1
168010263,1
1129958566,1
679389939,1
1019932054,1
1351225484,1
-814967919,1
-204393694,1
937962950,1
470412800,1
-241584598,1
1513588944,1
-943509693,1
1285917377,1
-1067618618,1
374938147,1
-1045777265,1
-803817871,1
-368567155,1
682573924,1
599778542,1
1675563789,1
-1294270034,1
1440791457,1
668746235,1
1338405994,1
-131351645,1
-761132276,1
-527404936,1
1372432555,1
546867987,1
1784442904,1
-694550081,1
1307649667,1
2048409170,1
-1876630285,1
181235150,1
-1175202082,1
1551075660,1
434701529,1
194031892,1
2089719402,1
209686300,1
-472459088,1
122454548,1
2135350255,1
-877044253,1
-1608995588,1
-2030078073,1
-299258784,1
1762129837,1
166937950,1
275637278,1
1756094176,1
-848530465,1
578841339,1
-1249552640,1
1341371089,1
1419219856,1
-1735253755,1
-322411581,1
67158291,1
1850973334,1
-1508969776,1
-1456076790,1
920250372,1
-822100557,1
1363811991,1
-565602307,1
787600028,1
1175150272,1
567429715,1
2052443240,1
613475752,1
1626514071,1
-193109206,1
2109123478,1
-651534313,1
-873358662,1
946130057,1
339336556,1
-2144744459,1
-993454036,1
-1202875109,1
-1796404785,1
-896748536,1
-1273728425,1
-1862786446,1
569298998,1
-890426666,1
-1134187681,1
831901928,1
-193674300,1
358276970,1
-1767183150,1
1018824555,1
-249674507,1
1663930877,1
1194646149,1
-847384837,1
-278507150,1
-1099459838,1
1896752998,1
125828769,1
48923874,1
-2117717534,1
-1639067921,1
-766956106,1
-990740684,1
1619836052,1
-139929518,1
-544473106,1
1925333907,1
-1625596334,1
606115683,1
-194919173,1
158642270,1
1006182022,1
-802397044,1
-923209791,1
2021260651,1
-1828004304,1
802154589,1
-479593058,1
-134244136,1
1078025223,1
2033358639,1
-952122925,1
-2088981567,1
1663126230,1
-39241112,1
-1109271840,1
1403798800,1
-2068294751,1
-990493770,1
2070696480,1
-323276629,1
-449948165,1
1447567611,1
767578674,1
-891784833,1
1557265717,1
-724482011,1
840627824,1
398667977,1
-1403767348,1
-711184399,1
826592625,1
1302014765,1
-1906353088,1
290921290,1
-1845681042,1
-1043993110,1
1499002044,1
175050424,1
-744730274,1
1903187448,1
-567606350,1
2145696660,1
1080756310,1
-811538073,1
-1172083065,1
-1841879890,1
-400287880,1
-1012198292,1
-1690582910,1
-1832213528,1
187344823,1
1349915264,1
-1182527205,1
352214886,1
-1497138424,1
60957903,1
1873128744,1
1831080613,1
-2038877244,1
1586885067,1
2035685303,1
-710107677,1
-940872268,1
1071163979,1
988598845,1
1955308786,1
-1911066076,1
-2069983705,1
29678639,1
1678059074,1
1358977553,1
-1254260739,1
2003257153,1
-1684703563,1
671563902,1
395558638,1
-1279621888,1
-1974532918,1
63740865,1
-1878962240,1
1194187022,1
462863258,1
1954270582,1
-868484133,1
-1729528765,1
1678641510,1
-332765521,1
-1797928244,1
-2100626338,1
926890284,1
-771754373,1
-16288791,1
704583641,1
-159261988,1
436407537,1
2081427390,1
-1483562365,1
1455513600,1
-1148429701,1
-1803380571,1
522626989,1
-1233584702,1
-359506117,1
1900417382,1
1004126693,1
871775800,1
1934905314,1
458436503,1
-1151330262,1
643906972,1
-1520913028,1
-1219463067,1
-987548405,1
736454320,1
-898370511,1
-113037331,1
2117902498,1
-119698268,1
-1757018923,1
-1097296092,1
-1745009310,1
-902212315,1
-1289039650,1
1378024560,1
1785933949,1
-885525791,1
822857357,1
1678334370,1
1492160613,1
-595493145,1
-782404304,1
-120739427,1
493097914,1
156243412,1
-2109191651,1
273589363,1
506479699,1
1788873462,1
-1046942398,1
-221477581,1
-472105563,1
-1568357612,1
-827711645,1
-1405096392,1
-1501421339,1
-950012089,1
1184489081,1
84625712,1
-326971581,1
1638810167,1
983699144,1
-1868810570,1
-316046217,1
140201826,1
-271745550,1
570325650,1
919154941,1
-261591153,1
2052894709,1
-1232354736,1
-1381142250,1
-1778742669,1
-643474478,1
928984285,1
-805896521,1
-795541782,1
154923015,1
642626590,1
408888368,1
769669680,1
-1710047126,1
-1812758016,1
1918208108,1
590090789,1
528850125,1
1056599313,1
1923843991,1
-2074955822,1
-2056050757,1
497343027,1
256291810,1
1320631266,1
-170405790,1
1534197731,1
-419988514,1
930100370,1
-1097921213,1
609083871,1
1506388648,1
-847694931,1
-308027232,1
301397788,1
1172311880,1
-2125270963,1
1171230469,1
-1797436331,1
-1682324917,1
199655586,1
-937046082,1
2099076368,1
-1211388372,1
1274678229,1
-2104916324,1
-176225778,1
-253600835,1
110321225,1
293012234,1
1114836242,1
1928918233,1
187237297,1
498956696,1
-1612311043,1
582291069,1
475974426,1
375447617,1
-1895505766,1
1091665380,1
-2125460944,1
1505572090,1
1877985882,1
-450749218,1
1974895002,1
403678200,1
-103483606,1
1141629314,1
-1412817744,1
-1518618489,1
321341972,1
1168072195,1
454019483,1
473246045,1
1089519822,1
800100901,1
-1570454655,1
548863490,1
-40146132,1
999194916,1
-616436727,1
1488747839,1
866581414,1
-38121488,1
634315424,1
228449941,1
